Nr	Wahlkreis	Gemeinden	Fläche	Bevölkerung	Bevölkerung.männlich	Bevölkerung.deutsch	Bevölkerungsdichte	Geburtensaldo	Wanderungssaldo	Alter.unter18	Alter.18-25	Alter.25-35	Alter.35-60	Alter.60-75	Alter.75plus	insgesamt einschl. Fachhochschulreife (je 1000 Einwohner)	Ohne.Hauptschulabschluss	Mit.Hauptschulabschluss	Mit.Realschulabschluss	Mit.Hochschulreife	Kfz	Wohnungen.neu	Wohnungen.bestand	Bergbau	Gewerbesteuereinnahmen	Gewerbeanmeldungen	Gewerbeabmeldungen	Insolvenzverfahren	Insolvenzverfahren.Beschäftigte	Sozialversicherungspflichtige	SozVers.Land- und Forstwirtschaft, Fischerei	SozVers.Produzierendes Gewerbe	SozVers.Handel, Gastgewerbe, Verkehr	SozVers.Öffentliche und private Dienstleister	SozVers.Übrige	Arbeitslosenquote	Arbeitslosenquote.Frauen	Arbeitslosenquote.Ausländer	SGB2.insgesamt	SGB2.nicht.erwerbsfähig
1	Flensburg – Schleswig	135	2128.1	286.4	142.1	271.9	134.7	-3.3	3.5	17.1	8.9	11.2	35.5	18	9.3	11.6	6.6	26.3	35.1	32.1	652.4	2.6	484.9	0.4	293.1	10	8.7	2.6	2.2	290.9	1.6	21.4	27.9	32.3	16.8	8.6	8	19.4	87.1	28.3
2	Nordfriesland – Dithmarschen Nord	197	2777.1	232.7	114.1	222	84	-4.7	2.4	17.2	7.9	10	35.6	18.9	10.3	11.7	8.2	28.3	40.8	22.7	705.7	4.9	556.3	0.3	489	11.2	8.8	2.6	0.9	298	2.5	22.6	32.4	31.3	11.2	7.5	7.3	16.3	67.7	28.9
3	Steinburg – Dithmarschen Süd	179	2000.5	222.4	110.4	212.1	111.4	-4.5	-0.7	17.9	7.7	9.3	37.6	18.1	9.5	11	8.5	27.3	41.2	23.1	684.5	1.6	480.6	0.5	320.8	10	8.7	2.6	1.7	262.9	2.5	30.8	23	28.2	15.5	6.2	6.2	14.2	73.3	29.3
4	Rendsburg-Eckernförde	163	2161.8	246.5	121.8	238.4	114.2	-4	1.1	18.2	7.4	9.1	37.8	18.5	9	10.2	7.5	31.1	37.1	24.3	695.5	2	463.5	0.4	243.6	9.3	7.9	2	1	247.1	2.2	25.5	23.9	31.4	17	5.4	5.1	15.6	57.4	30.1
5	Kiel	3	143	264.8	129.8	241.8	1846.6	-0.6	9.9	14.4	10.8	16	34.7	15.8	8.5	9.4	7	21.7	30.8	40.5	497.7	1.3	539.7	0.3	437.2	10.6	8.3	2.8	2.3	422.7	0.2	17.1	21.2	37.4	24.1	9.3	8.3	21.6	125.7	27.3
6	Plön – Neumünster	92	1302	222	110.7	212.6	170.6	-5	1.4	16.7	7.5	9.3	37.6	19.1	9.8	10.9	7.9	23.2	38.6	30.3	631.7	1.7	493.1	0.4	290.6	10.5	9.1	2.5	2.6	269.8	1.7	22.8	30.1	28	17.4	7.5	7.1	23.1	82.3	29.5
7	Pinneberg	49	664.3	306.3	150.7	283.4	459.3	-2.4	7.7	17.2	7.3	10.2	37.8	18.2	9.3	10	6.4	20.9	36.3	36.5	619.1	3.1	481.8	0.6	428	11.8	11.1	2	0.9	265	2.6	31.8	28.8	22.3	14.5	5.2	5.1	13.8	59.8	29.1
8	Segeberg – Stormarn-Mitte	95	1333.5	305.5	150	291	228.3	-1.2	5.4	18	7.2	10.5	38	18	8.4	10.2	5.6	24.6	38.2	31.5	691.9	3.8	466	0.6	433	12	10.2	2	7.6	300.3	1.1	30.2	28.3	23.3	17.1	4.6	4.5	11.6	51.6	30.5
9	Ostholstein – Stormarn-Nord	49	1533.3	223.1	108.4	213.9	145.2	-5.2	2.6	15.6	6.7	8.9	36.8	20.8	11.2	9.9	7.9	25.4	37.3	29.4	665.9	3.9	536.7	0.3	261	10.8	9.4	2.6	2.2	259.1	1.7	22.8	31.5	31.9	12.1	7	6.8	16.4	63.3	27
10	Herzogtum Lauenburg – Stormarn-Süd	126	1349.8	302.3	147.1	286.5	222.8	-3.4	8	17.2	6.9	9.7	37.1	18.8	10.4	9.6	6.3	22.4	38.4	32.9	678.2	3.8	470.2	0.6	478	10.1	8.5	2	10.9	262	1.3	29.9	27.4	24.7	16.7	5.2	5.1	15.2	57.7	30.1
11	Lübeck	28	406.3	229.6	110.1	213.6	563.5	-4.7	6.2	15.8	8.7	12.3	34.8	17.8	10.6	9.8	9.5	28.7	29.7	32	510.5	2.8	533.9	0.4	361.6	9.2	8.3	3	1.5	389.8	0.2	22.4	25.6	29.8	21.9	9.3	8.7	22	127.1	27.2
901	Land insgesamt	1116	15799.6	2841.5	1395.2	2687.2	179.6	-3.4	4.6	16.9	7.9	10.6	36.7	18.3	9.6	10.4	7.3	25.3	36.7	30.6	640	2.9	498.4	0.4	372.4	10.6	9.1	2.4	3.3	296.7	1.5	24.9	27	29.3	17.3	6.8	6.5	17.2	76.5	28.6
12	Schwerin – Ludwigslust-Parchim I – Nordwestmecklenburg I	137	3641.4	268.6	132.8	260.7	73.9	-3.2	-0.1	14.4	7.1	12.3	39.1	17.6	9.6	6.1	15.3	10.9	37	36.9	609.5	2.1	521	0.7	291.6	7.7	7.9	2.1	1	355.7	2.9	26.5	21	32.2	17.4	9.9	9.1	22.9	109.1	26.1
13	Ludwigslust-Parchim II – Nordwestmecklenburg II – Landkreis Rostock I	132	3909.7	253	125.9	246.3	64.9	-3.9	-3.2	13.6	6.5	11.2	39.8	18.9	10	5.8	15.8	11.5	39.8	32.8	663	2.9	537.5	0.5	186.1	7.8	7.7	1.8	1.5	278	4.4	30	23.9	29.2	12.5	9.5	8.9	16.7	95	25.7
14	Rostock – Landkreis Rostock II	38	992.9	269.9	133.7	261.1	271.6	-1.5	6.1	12.7	9.4	14.8	35.6	18.2	9.3	5.6	12	10.1	37.2	40.7	490.3	2.5	544.3	0.4	285	10.8	9.8	2.1	1.1	363	0.7	17.3	25.5	33.9	22.5	11.1	9.7	20.1	125.1	24.3
15	Vorpommern-Rügen – Vorpommern-Greifswald I	117	3450.2	293.7	144.2	286.7	85.4	-3.6	0.1	13	8	12.6	37.8	18.6	10	5.5	13.4	12.6	42.4	31.7	600.9	5	576.2	0.3	170.8	7.8	7.8	1.3	1.1	337	2.7	16.2	28.5	35.4	17.2	14.9	14	21.1	124.4	24.2
16	Mecklenburgische Seenplatte I – Vorpommern-Greifswald II	170	4950.1	281.9	139.7	274.1	57.3	-4.6	-5	13.1	6.7	11.4	39.4	18.8	10.7	6	14.2	11.9	36.9	37	607.2	1.9	571.3	0.3	167.7	6.8	6.8	2.4	0.9	322.5	3.2	21.3	25.3	34.1	16.1	14	13.1	22.6	136	24.1
17	Mecklenburgische Seenplatte II – Landkreis Rostock III	189	6248.9	262.6	130.1	258.1	42.2	-5	-4.2	13.8	6.4	11	39.8	18.4	10.7	5.8	14.6	9.1	40.4	35.8	644.9	1.8	551.9	0.5	165	7.1	6.3	2.3	0.9	281.5	6	25.4	26.3	32	10.2	12.1	11.3	17.2	119.3	24.1
913	Land insgesamt	783	23194.2	1629.6	806.5	1587	70.5	-3.6	-1	13.4	7.4	12.2	38.6	18.4	10	5.8	14.2	11	38.9	35.8	601.9	2.8	551.1	0.4	210.4	8	7.7	2	1.1	323.7	3.1	22.3	25.1	33	16.4	12	11.1	20.4	118.6	24.7
18	Hamburg-Mitte	1	119.4	386.2	197.9	310.6	3209.9	0	6.8	15.3	8.2	16	36.5	15.4	8.6	7.9	7.2	15.5	22.5	54.8	468	2.1	498.6	0.3	1038.6	13.6	9.8	2.5	1.5	464.3	0.1	16.6	29	22.2	32.1	7.1	6.6	14	99.9	28
19	Hamburg-Altona	1	78.8	264	129.3	226.5	3314.9	0	6.8	15.3	8.2	16	36.5	15.4	8.6	7.9	7.2	15.5	22.5	54.8	468	2.1	498.6	0.3	1038.6	13.6	9.8	2.5	1.5	464.3	0.1	16.6	29	22.2	32.1	7.1	6.6	14	99.9	28
20	Hamburg-Eimsbüttel	1	49.6	258.8	122.9	229.5	5182.7	0	6.8	15.3	8.2	16	36.5	15.4	8.6	7.9	7.2	15.5	22.5	54.8	468	2.1	498.6	0.3	1038.6	13.6	9.8	2.5	1.5	464.3	0.1	16.6	29	22.2	32.1	7.1	6.6	14	99.9	28
21	Hamburg-Nord	1	114.9	278	131.9	253.9	2407.3	0	6.8	15.3	8.2	16	36.5	15.4	8.6	7.9	7.2	15.5	22.5	54.8	468	2.1	498.6	0.3	1038.6	13.6	9.8	2.5	1.5	464.3	0.1	16.6	29	22.2	32.1	7.1	6.6	14	99.9	28
22	Hamburg-Wandsbek	1	77.2	296.2	143	264.5	3819.7	0	6.8	15.3	8.2	16	36.5	15.4	8.6	7.9	7.2	15.5	22.5	54.8	468	2.1	498.6	0.3	1038.6	13.6	9.8	2.5	1.5	464.3	0.1	16.6	29	22.2	32.1	7.1	6.6	14	99.9	28
23	Hamburg-Bergedorf – Harburg	1	315.4	327.5	162.7	273.3	1033	0	6.8	15.3	8.2	16	36.5	15.4	8.6	7.9	7.2	15.5	22.5	54.8	468	2.1	498.6	0.3	1038.6	13.6	9.8	2.5	1.5	464.3	0.1	16.6	29	22.2	32.1	7.1	6.6	14	99.9	28
902	Land insgesamt	1	755.3	1810.7	887.7	1558.3	2381.6	0	6.8	15.3	8.2	16	36.5	15.4	8.6	7.9	7.2	15.5	22.5	54.8	468	2.1	498.6	0.3	1038.6	13.6	9.8	2.5	1.5	464.3	0.1	16.6	29	22.2	32.1	7.1	6.6	14	99.9	28
24	Aurich – Emden	25	1399.7	240	117.7	229.7	171.4	-3.8	0.8	18	8.5	10.3	35.9	18	9.3	13.4	7.1	13.5	44.1	35.3	634.6	2.5	494.3	0.4	667.4	7.8	6.8	2.4	1.4	326.6	1.5	33.1	24.9	25.6	14.9	8.6	9.3	23.9	82.9	29.6
25	Unterems	56	2597.1	310	156.1	284.7	118.8	-1.9	5.2	19.3	8.8	11.2	36.6	15.9	8.2	13.5	5.9	14.6	46.7	32.8	674	5.5	425.2	0.5	301.7	9	7.1	2.6	1.3	291.4	1.5	35.1	24.1	24.6	14.7	5.1	5.8	14	52.3	30.5
26	Friesland – Wilhelmshaven – Wittmund	28	1371.5	236.5	117.1	225.9	173	-5.5	1.4	16.2	8.2	9.9	35.4	19.9	10.4	12.4	4.5	15.3	43.7	36.5	648.7	3.2	554.8	0.3	283.1	8.5	8.1	2.9	2.3	278.5	1.2	24.6	24	34.9	15.2	8.9	8.8	22.5	86.2	28.6
27	Oldenburg – Ammerland	7	831.3	282.5	137.5	264.9	338.4	-1.5	5.6	16.7	8.6	12.5	36.9	16.6	8.7	13.9	4.2	13.7	34.4	47.7	628.5	5	500.3	0.4	392.3	9.5	8.4	2.6	2.6	385.2	2.4	19	25.4	30.3	22.8	6.4	6.2	19.2	79.7	29.2
28	Delmenhorst – Wesermarsch – Oldenburg-Land	25	1947.4	292.3	145.1	272.4	150	-3.3	2.1	17.7	8	9.7	37.6	17.8	9.1	12.5	5.3	13.5	47	34.2	661.2	1.5	470.9	0.4	412	9.3	8.2	2.8	2.9	252.5	1.6	36.6	23.7	24.7	13.3	6.8	7.3	18.4	82.4	29.4
29	Cuxhaven – Stade II	66	2573.8	235.8	116.3	222.9	91.7	-5.4	0.1	17.3	7.3	9.3	36.4	19.4	10.4	12.2	5.3	15.9	44	34.8	698.6	2.8	509.8	0.3	209.2	8.2	6.7	2.2	0.9	215.3	3.2	27.9	27.1	31.1	10.7	6.2	6.2	15.2	65.3	29
30	Stade I – Rotenburg II	60	1969.1	249	124.4	234.9	126.4	-2.4	2.3	18.7	8.1	10.7	37.1	16.9	8.5	13.8	5.2	12.8	43.8	38.2	714.3	2.7	464	0.4	350.8	9.6	7.5	2	0.4	280.1	2.3	29.5	27.7	26.6	13.8	5.5	5.8	11.4	61.6	30
31	Mittelems	48	2351.7	305.6	152.8	278.5	129.6	-1.6	0	19.1	8.6	11.2	36.7	15.7	8.8	14.9	4.4	14.1	43.7	37.8	678.9	5	423.9	0.7	498.9	9	6.7	1.8	2.7	325.2	1.3	40.9	22	22.3	13.4	4.1	4.4	14	46.1	31.3
32	Cloppenburg – Vechta	23	2231	299.4	150.9	273.8	132.5	1.5	5	21.3	9.6	12.4	36.5	12.9	7.4	15.6	5.2	14.3	42.2	38.3	673.9	5.2	371.8	0.9	534.5	11.7	8.6	1.8	1.1	364.9	3.6	46.5	19.7	19	11.1	4.6	5	10.2	47.8	33.1
33	Diepholz – Nienburg I	60	2487.4	246	122.7	230.5	98.4	-3.4	4.4	17.4	7.6	9.7	38.1	17.5	9.7	13.2	4.3	12.3	45.1	38.3	724.2	1.8	433.6	0.6	482	10	8.6	2	2.4	274.2	2	33.1	29.8	22.2	12.8	4.7	4.8	12.5	56.7	30.5
34	Osterholz – Verden	22	1438.7	245.1	120.5	232.4	170.1	-3.4	1.4	17.8	7.4	9.5	37.9	18.5	8.8	12.8	4.5	12.6	39.5	43.3	697.1	2.4	451	0.4	394.7	9.3	7.6	2.2	1.3	258.5	1.8	28.5	29.8	25.6	14.4	4.9	5.1	18.1	54.4	32.3
35	Rotenburg I – Heidekreis	45	2724.8	213.7	106.8	202.5	78.5	-3.4	-1.9	18	8.1	10.3	36.9	17	9.7	14.4	5.7	13.4	43.3	37.6	723	1.8	471.7	0.4	297.3	9.5	7.6	2.3	1.2	296	2	27.6	27.2	31.7	11.5	5.9	6.2	14.1	63.4	30.5
36	Harburg	42	1244.9	248.9	122.3	235.7	199.2	-1.6	6.1	17.8	6.9	9.4	38.4	18.6	8.9	13.5	3.6	11.4	41.1	43.8	706.5	4.3	449.2	0.3	290.1	11.8	10.2	1.5	2	200.4	2.2	23.2	35.4	26.1	13	4.7	4.7	14.1	47.1	31.9
37	Lüchow-Dannenberg – Lüneburg	70	2544.1	227.6	111.6	215.2	89.3	-3	5.7	17.3	7.8	11.2	37.3	17	9.3	12.9	4.2	12.7	37.3	45.8	639.3	2.1	469.9	0.4	262.9	10	8	2.2	0.4	273.5	2.2	26.5	22.5	32.7	16.1	7.1	6.6	18.4	76.7	27.6
38	Osnabrück-Land	29	1916.1	263	132.6	246.2	136.7	-1.6	2.6	19.4	8.4	10.7	37.4	15.1	9.1	11	4.7	13.6	49.5	32.2	691.4	2.2	411.2	0.8	428.3	8	6.8	2.2	1.9	293.4	1.8	42	22.7	20.5	13.1	3.7	4	10.1	46.5	32.2
39	Stadt Osnabrück	6	325.3	259.4	125.6	241.3	796.2	-1.2	3.1	15.9	9.3	13.4	36.1	15.7	9.6	14.4	4.8	8.5	37.9	48.8	584	1.7	490.7	0.5	454.6	9.6	8.1	2.5	1.3	428.7	0.5	26.4	25.5	27.2	20.4	6.2	6.1	17.5	78.9	29.5
40	Nienburg II – Schaumburg	60	1575.1	249.7	122.3	234.3	159	-5.2	-0.1	17	7.7	9.6	37	17.9	10.8	13.4	3.9	10.8	36.8	48.5	692.8	1.2	476.6	0.5	276.3	8	6.8	2.7	1.5	249.4	1.1	34.3	23.3	30.2	11.1	6.5	6.5	16.9	71.3	29.9
41	Stadt Hannover I	1	112.8	257.3	124	219.4	2267.1	-0.6	6.5	14.9	8.5	15.9	35.9	15.2	9.5	11.7	4.7	10.2	34	51	542.7	0.7	552.4	0.3	966.5	9.8	8.2	3.1	1.4	388.6	0.2	20.9	24.1	28.6	26.2	8	7.6	20.4	98.8	28
42	Stadt Hannover II	1	91.3	271.6	132.7	230.7	2957.6	-0.6	6.5	14.9	8.5	15.9	35.9	15.2	9.5	11.7	4.7	10.2	34	51	542.7	0.7	552.4	0.3	966.5	9.8	8.2	3.1	1.4	388.6	0.2	20.9	24.1	28.6	26.2	8	7.6	20.4	98.8	28
43	Hannover-Land I	8	1131.8	303.8	147.9	281.1	267.9	-2.2	3.4	17	7.4	10.2	37	18.7	9.7	11.7	4.7	10.2	34	51	542.7	1.6	464.5	0.4	533.6	9.8	8.2	3.1	1.4	388.6	0.2	20.9	24.1	28.6	26.2	8	7.6	20.4	98.8	28
44	Celle – Uelzen	52	2999.3	270.7	132.4	256.7	90.4	-4.7	-0.4	17.3	7.7	10	36	18.3	10.7	12.9	5.2	13	44.1	37.7	668.8	1	491.3	0.4	340.3	8	6.7	3	0.7	277.3	2	28.1	23.2	35.1	11.7	7.3	6.8	20.1	75.5	28.9
45	Gifhorn – Peine	36	1824.3	278.1	138	261.7	152.4	-2.9	-0.4	18.5	7.8	9.9	38.2	16.5	9.1	12.5	5	12.9	44.8	37.3	666.5	2	464.4	0.3	217.4	7	6.7	2	1	207.8	1	31	23.8	27.7	16.5	5.2	5.4	14.6	65.7	29.6
46	Hameln-Pyrmont – Holzminden	42	1622	241.5	117.5	223.3	149.8	-6.9	-3.2	15.9	7.6	9.5	35.6	18.9	12.4	12.5	6.4	13.9	41.7	38	674.1	0.7	534.5	0.6	278	8	6.8	3.4	0.9	299.7	1.1	35	18.9	30.1	14.9	7.9	7.4	19	81.9	28.3
47	Hannover-Land II	12	954.8	307.6	150.4	286.9	321.4	-2.9	3.7	17.1	7.3	10	37	18.4	10.1	11.7	4.7	10.2	34	51	542.7	1.9	481.1	0.3	271.5	9.8	8.2	3.1	1.4	388.6	0.2	20.9	24.1	28.6	26.2	8	7.6	20.4	98.8	28
48	Hildesheim	40	1205.9	280.2	135.7	263.7	233.1	-5.4	-1	16.3	8.3	10.2	36.4	17.9	10.8	13.3	5.5	10.5	36.1	47.9	616.7	1	501.7	0.5	270.2	7.7	7.2	2.7	2.6	290.4	0.5	34.3	21.7	31.7	11.7	7.6	7	22.7	76	28.9
49	Salzgitter – Wolfenbüttel	43	1235.6	267.5	131.4	248	217.1	-4.6	-1.5	16.5	7.6	9.5	36.6	18.9	10.9	12.8	4.6	12.1	47.4	35.9	614	0.8	520.7	0.4	438.6	6.9	7	2.7	0.6	295.1	0.6	45.8	18.6	24.5	10.4	7.6	8	18.2	82.6	28
50	Braunschweig	1	192.2	251.9	124.8	226.8	1303.9	-2	8.7	14.3	9.3	15	35.1	16.3	9.9	13.1	4.5	9.8	26.5	59.2	552.3	1.1	549.6	0.4	715.5	7.5	7	2.6	0.8	448.7	0.1	22.9	21.3	27.3	28.4	7.1	6.9	16.2	85.2	25.9
51	Helmstedt – Wolfsburg	40	1151.5	240.2	118.8	218.4	208.2	-4.1	5	15.6	7.9	11.7	36.2	17.8	10.8	12.8	5.2	10.3	39	45.6	864.8	2.2	513.1	0.3	1125.2	5.8	5.3	2.6	0.5	542.5	0.2	51.8	12	14.8	21.2	5.8	6.2	11.9	65.2	27.1
52	Goslar – Northeim – Osterode	31	2299.4	259.6	127.8	241.8	113.6	-7.3	-1	14.9	7.5	9.5	36.3	19.5	12.3	12.4	5.3	13.3	38.6	42.7	681.6	0.6	559.9	0.7	282.8	7.3	6.6	2.6	1.2	297.8	1.7	36	20.8	30.1	11.4	7.9	7.8	20.3	79.4	26.2
53	Göttingen	32	1263.8	289.7	141.5	270.7	229.8	-3.1	1.7	15.1	9.4	13.2	36.2	16.4	9.7	12.5	4.8	10.9	32.3	52	592.8	2.2	501.6	0.5	372	7.8	6.5	2	1.1	355.5	0.5	24.8	19.7	37.4	17.7	6.2	5.8	14.2	72	27.1
903	Land insgesamt	1010	47613.6	7924	3905	7354.9	166.2	-3.1	2.4	17.2	8.1	11.1	36.7	17.2	9.7	13	4.9	12.4	40.2	42.5	649.8	2.3	483.8	0.5	442.9	8.8	7.5	2.5	1.4	319.9	1.2	30.9	23.2	27.3	17.4	6.4	6.5	17.1	72.7	28.9
54	Bremen I	1	153.9	346.9	168.2	302.8	2252	-2.8	4.7	14.9	8.9	13.7	35.2	17.4	10	10.9	6.2	20.5	37	36.4	472.3	1.2	529.6	0.4	666.5	9.2	6.4	3.4	0.1	445.2	0.1	25.5	26.5	24.6	23.4	10.2	9.7	23.1	131	28.4
55	Bremen II – Bremerhaven	1	265.3	315	155.6	272.5	1186	-3.4	3.4	15.3	8.9	13	35.2	17.7	10	12.1	6.5	19.9	34.4	39.1	468.2	1	547.5	0.4	576.3	9.8	8.1	3.2	0.5	434.5	0.1	24	28.6	25.7	21.6	11.6	11.1	23.8	144.6	28.1
904	Land insgesamt	2	419.2	661.9	323.8	575.3	1577.4	-3.1	4.1	15.1	8.9	13.3	35.2	17.6	10	11.5	6.3	20.2	35.7	37.8	470.4	1.1	538.2	0.4	623.6	9.5	7.2	3.3	0.3	440.1	0.1	24.8	27.5	25.1	22.5	10.8	10.4	23.4	137.5	28.3
56	Prignitz – Ostprignitz-Ruppin – Havelland I	61	5115.8	193.3	96.2	189.6	38	-6.2	-4	12.7	6.6	10.7	39.7	19.3	11	6.3	11.8	19.8	32.8	35.5	678.8	1.4	548.6	0.6	149	6.8	6.8	2.6	1.3	315.8	6.3	29	22.4	30.9	11.4	11	10.8	23.1	122.7	22.9
57	Uckermark – Barnim I	48	3865.8	193.8	96.3	187.6	50.4	-5.6	-4.4	12.9	6.6	10.7	39.2	20	10.6	6.9	12.2	18	35.1	34.7	639.7	1.8	534.6	0.5	171.5	7.1	6.7	2.2	0.3	273.8	4.7	29.7	22.4	31.1	12.1	13.8	13.7	25.5	135	23
58	Oberhavel – Havelland II	26	2460.5	305.9	151.5	299.5	123.7	-2.1	6.4	16	6.4	10.6	41	17.5	8.5	6.3	8.7	20.1	33.3	37.9	642.9	2.9	476.5	0.4	290	8.5	8.1	2.5	1.2	245.2	2.4	32.5	24.2	27.8	13.1	8.7	8.3	13.9	87.7	25
59	Märkisch-Oderland – Barnim II	56	2814.5	300.5	149.8	293	106.6	-3.2	2.1	14	6.2	10.8	41.8	18.2	9.1	6	8.6	17	38.4	36	658	3.3	489.3	0.3	150.6	9.3	8.8	2.8	0.6	238.3	3	23.2	26	34.6	13.2	9.8	8.8	21.7	100	23.9
60	Brandenburg an der Havel – Potsdam-Mittelmark I – Havelland III – Teltow-Fläming I	41	3383.5	226.5	112.4	221.4	67.2	-5.2	-1.8	12.6	6.7	11.2	38.6	19.9	10.9	6.1	8.2	17.5	32	42.2	624.7	2.3	547.8	0.6	169.3	8.6	7.7	2.3	1.1	302.5	2.3	27.5	24.2	30.4	15.6	9.4	8.5	17.1	93	24
61	Potsdam – Potsdam-Mittelmark II – Teltow-Fläming II	10	721.6	304.9	149	292.4	419.1	0.6	10.9	16.2	7.2	13.4	38.2	16.5	8.4	7.6	5.6	12.9	29.7	51.9	572.3	4.3	495.9	0.3	337.1	9.8	8.6	2.2	0.6	386.3	1.5	14.1	20.2	35	29.1	7.1	6.2	16.2	76.1	26.1
62	Dahme-Spreewald – Teltow-Fläming III – Oberspreewald-Lausitz I	50	3951.4	289.3	143.6	281.3	73.2	-3.8	2.6	14.2	6.4	11.1	39.8	18.7	9.9	7	7.8	15.2	37.4	39.6	689.2	2.9	484.6	0.6	335.6	9.6	9.1	2.1	0.7	325.6	2.9	28.6	32.4	23.4	12.7	7.6	7.3	9.5	78.6	26.3
63	Frankfurt (Oder) – Oder-Spree	39	2391	241.7	119.6	231.8	101.5	-4.2	-1.6	13	6.8	11.3	39.2	19.4	10.4	6.6	8.5	16	32.1	43.4	632.4	2.6	512.5	0.4	273.7	7.6	7.8	2.6	0.7	326.5	1.9	26.6	20.5	34.4	16.6	9.9	9.3	25.7	113.1	23.8
64	Cottbus – Spree-Neiße	31	1812.3	225.5	112	217.7	125.1	-4.5	-3	12	7.4	11.9	38.8	19.4	10.5	6.3	7.5	15.3	32.6	44.7	621	1.7	549	0.4	255	7.3	7.4	2.2	1	356.1	1.5	27.9	19.7	33.5	17.3	11	10.6	22.1	116.3	22.7
65	Elbe-Elster – Oberspreewald-Lausitz II	57	2967.5	211.5	104.9	206.5	72	-7.3	-7.8	12.2	6.2	10.5	39.1	20.3	11.6	6.3	10	19.2	35.2	35.5	680.3	0.8	557.3	0.7	181.9	5.7	5.3	1.4	0.6	293.6	3.9	35.7	19.9	27.2	13.3	13.3	13.9	21.8	114	22.6
912	Land insgesamt	419	29484	2492.8	1235.3	2420.7	84.6	-3.8	0.7	13.8	6.6	11.3	39.6	18.7	9.9	6.6	8.6	16.8	33.8	40.7	642.6	2.6	515	0.5	239	8.2	7.8	2.3	0.8	305.9	2.8	26.6	23.3	31	16.4	9.9	9.4	18	100.9	24
66	Altmark	38	4716.2	206.9	102.9	203.7	44.2	-5.2	-8.1	14	7	10.8	39.6	18.4	10.2	7.1	14.5	11.1	46.1	28.2	667.5	1.1	536.8	0.5	174.8	5.2	5.3	1.6	1.5	298.6	5.6	29.3	20.5	31.6	13.1	12.2	12.1	26.9	121.6	25.4
67	Börde – Jerichower Land	43	3943.3	271.1	134.9	267.7	69.1	-5.1	-4.6	13.6	6.4	11.2	40.4	18.3	10	5.9	11.3	14.6	49.6	24.5	693.9	1.3	531.5	0.7	375.3	6	6.1	2.3	1.2	305.1	3.8	37.7	24.1	24.5	9.9	9.1	8.7	20.8	94.1	23.4
68	Harz	22	2339.5	265.1	129.4	261.6	114	-7.3	-6.4	12.7	6.5	10.8	37.5	20.8	11.6	6.4	8.8	12.5	48	30.6	617.8	0.8	561.4	0.7	213.4	6.1	6.5	2.4	2.4	299.7	2.1	32.6	22.3	31.9	11.1	9.7	9.5	15.6	113.7	23.3
69	Magdeburg	5	588.4	292.1	142.3	282.5	497.6	-3.8	3.6	12.4	9	13.8	34.2	19.9	10.7	6	13.4	11.7	37.9	37	520.4	1.3	599.4	0.4	331.5	8.2	7.6	2.3	1.7	415	0.3	18.8	19.4	34.9	26.6	11.3	10.7	21.4	139.1	23.9
70	Dessau – Wittenberg	10	2174.8	219.4	107	215.6	101.7	-7.1	-5.3	12	6.4	10.5	37.5	21.9	11.8	5.5	9.7	15.4	42.7	32.1	623.4	0.7	579.7	0.7	331.1	6.1	6.7	2.3	0.8	332.8	2.2	30.2	20.2	30	17.4	11.1	10.8	24.5	113.2	23.3
71	Anhalt	25	2257.3	280.4	137.4	275.8	125.4	-7.4	-6.1	12.4	6.8	10.7	38.3	20.6	11.3	5.7	13.9	15.3	43.7	27.1	616.3	0.8	566.4	0.8	243.9	5.8	6.1	2.1	1.3	310.6	2.1	36.9	21.1	26.5	13.4	11.9	12.1	12.9	133.7	24
72	Halle	4	414.1	267.6	128.7	257.6	648.2	-2.8	5.1	13.4	9.4	14.2	33.8	19.3	9.9	6.5	13.5	13.4	36.1	37	464.3	0.6	592.6	0.4	229.9	7.5	7.9	2.3	0.7	386.2	0.3	15.2	18.7	39.7	26.1	11.4	10.3	24	143	26.8
73	Burgenland – Saalekreis	37	1711.5	239.6	118.4	234.7	141.1	-7.4	-5.2	12.5	6.3	11	38.1	20	12	5.8	12.3	13.2	41.8	32.7	644.7	0.5	570.3	0.7	383.4	5.6	6.3	1.4	0.4	289.5	2.3	34.7	23.6	26.5	12.9	12.1	12.3	21.9	122.7	23.7
74	Mansfeld	35	2305.3	256.4	126.1	253	112.1	-6.2	-7.6	12.4	6.3	10.6	38.3	20.9	11.5	5.9	13.5	15.6	46.7	24.3	669.5	0.6	533.1	0.5	164.8	6	6.1	2.2	0.6	297.4	2.5	34.9	25	25	12.6	12	12.2	23.1	122.3	23.7
915	Land insgesamt	219	20450.3	2298.6	1127	2252.2	113.1	-5.8	-3.6	12.8	7.2	11.6	37.5	20	11	6.1	12.4	13.6	43.5	30.5	610	0.9	564.2	0.6	273.2	6.3	6.6	2.1	1.2	328	2.1	29	21.5	30.6	16.9	11.2	10.9	21.3	123	24.2
75	Berlin-Mitte	1	39.5	344	177.7	246.4	8607.8	0.5	11.3	14.6	8.2	16	36.5	16.7	8	8.1	8.8	18.9	30.4	41.8	378.9	1.3	543.5	0.2	355.4	13.9	9.7	2.2	1.8	328.8	0	15.6	21.9	34.3	28.2	11.6	10.7	22.3	161.8	26.8
76	Berlin-Pankow	1	96.8	309.9	152.9	287.7	3167	0.5	11.3	14.6	8.2	16	36.5	16.7	8	8.1	8.8	18.9	30.4	41.8	378.9	1.3	543.5	0.2	355.4	13.9	9.7	2.2	1.8	328.8	0	15.6	21.9	34.3	28.2	11.6	10.7	22.3	161.8	26.8
77	Berlin-Reinickendorf	1	89.4	246.7	119.2	218.7	2731.4	0.5	11.3	14.6	8.2	16	36.5	16.7	8	8.1	8.8	18.9	30.4	41.8	378.9	1.3	543.5	0.2	355.4	13.9	9.7	2.2	1.8	328.8	0	15.6	21.9	34.3	28.2	11.6	10.7	22.3	161.8	26.8
78	Berlin-Spandau – Charlottenburg Nord	1	99.6	264.6	128.9	227.1	2628.8	0.5	11.3	14.6	8.2	16	36.5	16.7	8	8.1	8.8	18.9	30.4	41.8	378.9	1.3	543.5	0.2	355.4	13.9	9.7	2.2	1.8	328.8	0	15.6	21.9	34.3	28.2	11.6	10.7	22.3	161.8	26.8
79	Berlin-Steglitz-Zehlendorf	1	102.6	299.5	139.7	267	2902.1	0.5	11.3	14.6	8.2	16	36.5	16.7	8	8.1	8.8	18.9	30.4	41.8	378.9	1.3	543.5	0.2	355.4	13.9	9.7	2.2	1.8	328.8	0	15.6	21.9	34.3	28.2	11.6	10.7	22.3	161.8	26.8
80	Berlin-Charlottenburg-Wilmersdorf	1	57.1	292.9	139.2	237.1	5087.6	0.5	11.3	14.6	8.2	16	36.5	16.7	8	8.1	8.8	18.9	30.4	41.8	378.9	1.3	543.5	0.2	355.4	13.9	9.7	2.2	1.8	328.8	0	15.6	21.9	34.3	28.2	11.6	10.7	22.3	161.8	26.8
81	Berlin-Tempelhof-Schöneberg	1	53.2	335.4	162	283.6	6335	0.5	11.3	14.6	8.2	16	36.5	16.7	8	8.1	8.8	18.9	30.4	41.8	378.9	1.3	543.5	0.2	355.4	13.9	9.7	2.2	1.8	328.8	0	15.6	21.9	34.3	28.2	11.6	10.7	22.3	161.8	26.8
82	Berlin-Neukölln	1	45	321.8	159.6	249.2	7074.4	0.5	11.3	14.6	8.2	16	36.5	16.7	8	8.1	8.8	18.9	30.4	41.8	378.9	1.3	543.5	0.2	355.4	13.9	9.7	2.2	1.8	328.8	0	15.6	21.9	34.3	28.2	11.6	10.7	22.3	161.8	26.8
83	Berlin-Friedrichshain-Kreuzberg – Prenzlauer Berg Ost	1	26.8	347.2	176.3	279.1	12842.9	0.5	11.3	14.6	8.2	16	36.5	16.7	8	8.1	8.8	18.9	30.4	41.8	378.9	1.3	543.5	0.2	355.4	13.9	9.7	2.2	1.8	328.8	0	15.6	21.9	34.3	28.2	11.6	10.7	22.3	161.8	26.8
84	Berlin-Treptow-Köpenick	1	167.8	246.6	120.4	237.2	1457.9	0.5	11.3	14.6	8.2	16	36.5	16.7	8	8.1	8.8	18.9	30.4	41.8	378.9	1.3	543.5	0.2	355.4	13.9	9.7	2.2	1.8	328.8	0	15.6	21.9	34.3	28.2	11.6	10.7	22.3	161.8	26.8
85	Berlin-Marzahn-Hellersdorf	1	61.9	255.1	126	242.8	4091	0.5	11.3	14.6	8.2	16	36.5	16.7	8	8.1	8.8	18.9	30.4	41.8	378.9	1.3	543.5	0.2	355.4	13.9	9.7	2.2	1.8	328.8	0	15.6	21.9	34.3	28.2	11.6	10.7	22.3	161.8	26.8
86	Berlin-Lichtenberg	1	52.2	267.4	132.2	243.8	5069.6	0.5	11.3	14.6	8.2	16	36.5	16.7	8	8.1	8.8	18.9	30.4	41.8	378.9	1.3	543.5	0.2	355.4	13.9	9.7	2.2	1.8	328.8	0	15.6	21.9	34.3	28.2	11.6	10.7	22.3	161.8	26.8
911	Land insgesamt	1	891.8	3531.2	1734	3019.9	3927	0.5	11.3	14.6	8.2	16	36.5	16.7	8	8.1	8.8	18.9	30.4	41.8	378.9	1.3	543.5	0.2	355.4	13.9	9.7	2.2	1.8	328.8	0	15.6	21.9	34.3	28.2	11.6	10.7	22.3	161.8	26.8
87	Aachen I	1	160.9	260.6	135.2	216.8	1619.1	-0.4	7.3	13.5	12.7	16.2	34.7	14.3	8.6	10.9	5	18	35.3	41.8	538.7	4.9	501.5	0.4	689.4	9	8.2	1.9	1.4	327.6	0.2	24.7	21	31.7	22.4	8.4	8.1	17.3	90.4	28.3
88	Aachen II	9	546.3	306.3	150.4	275.4	560.8	-3.1	0.8	17.6	8.2	10.6	37.2	16.9	9.6	10.9	5	18	35.3	41.8	538.7	1.5	457.1	0.5	451.2	9	8.2	1.9	1.4	327.6	0.2	24.7	21	31.7	22.4	8.4	8.1	17.3	90.4	28.3
89	Heinsberg	10	628	254.8	125.8	228.2	405.7	-2.2	1.6	17.8	8.6	10.6	38.1	16	9	12.4	5.2	18	41.2	35.5	650	3.9	441.3	0.5	346.1	9.1	9.1	2.3	2.3	220.1	0.9	31.8	25.8	27.5	14	7	7	12.9	69	31
90	Düren	15	941.4	267.2	133.5	240.4	283.7	-3.1	0.8	17.1	8.6	10.8	37.9	16.4	9.2	11.8	4.5	18.6	40.2	36.7	642.5	1.7	442.1	0.5	411.8	8.7	8.1	2.2	2.2	273.3	0.7	33.3	18.2	25	22.7	7.8	7.9	17.7	81.1	30.5
91	Rhein-Erft-Kreis I	7	525.2	337	166	300.8	638.9	-1.8	5.9	17	7.8	10.9	38.4	17.3	8.6	10.8	5.2	16.9	39.9	38	626.1	2.1	431.3	0.3	498.4	10.4	9.5	2.1	1.3	262	0.8	28.7	30.4	22.7	17.5	7.4	7.4	16.3	75.8	29.7
92	Euskirchen – Rhein-Erft-Kreis II	14	1428.1	320.8	157.3	296.4	224.5	-2.5	1.6	17.4	7.9	10.1	37.9	17.1	9.6	12.3	4.5	20.1	39.2	36.2	675.6	1.7	437.5	0.4	345.8	10	9.2	2.1	0.9	257.9	0.7	30.6	27.3	26.3	15.1	6.6	6.6	15.5	64.6	29.8
93	Köln I	1	128.4	280.6	137.6	226.7	2168	0.9	8.9	15.6	8.6	16.3	36.2	15	8.3	9.6	5.4	18.3	36.1	40.3	496.2	2.5	519.4	0.3	929.7	13.5	10.6	2.7	2.8	467.2	0	17.2	23.6	24	35.2	9	8.5	17.9	109.5	27.9
94	Köln II	1	101.6	304.3	145.4	266.2	2969.3	0.9	8.9	15.6	8.6	16.3	36.2	15	8.3	9.6	5.4	18.3	36.1	40.3	496.2	2.5	519.4	0.3	929.7	13.5	10.6	2.7	2.8	467.2	0	17.2	23.6	24	35.2	9	8.5	17.9	109.5	27.9
95	Köln III	1	123	295.4	142.6	243.8	2390	0.9	8.9	15.6	8.6	16.3	36.2	15	8.3	9.6	5.4	18.3	36.1	40.3	496.2	2.5	519.4	0.3	929.7	13.5	10.6	2.7	2.8	467.2	0	17.2	23.6	24	35.2	9	8.5	17.9	109.5	27.9
96	Bonn	1	141.2	329.3	158.5	279.2	2322	1.6	7.6	16.4	9.1	15.1	36.3	14.2	8.9	13.6	4.1	12.9	29.7	53.3	630.6	2.8	494.5	0.2	883.8	10	8.2	2	1.7	483.6	0.1	9	16.3	43.9	30.7	6.7	6.1	13.7	80	32.6
97	Rhein-Sieg-Kreis I	10	660.7	317.1	156.4	287.2	479	-1.1	3	18.1	8.2	10.8	38	16.6	8.3	10.5	5.5	15.8	36.9	41.8	636.9	2.8	430.1	0.5	370.4	10.1	9.7	1.7	2.1	222.7	0.9	28.2	25.4	27.9	17.7	5.5	5.2	14.2	59.3	30
98	Rhein-Sieg-Kreis II	9	492.5	284.3	138.9	263.6	576.5	-1.1	5	17.8	7.8	10	37.7	17.5	9.2	10.5	5.5	15.8	36.9	41.8	636.9	2.5	438.9	0.3	257.1	10.1	9.7	1.7	2.1	222.7	0.9	28.2	25.4	27.9	17.7	5.5	5.2	14.2	59.3	30
99	Oberbergischer Kreis	13	918.9	278.9	136.7	256.9	304.2	-2.8	-1.9	18.2	8.5	10.8	36.6	16.2	9.6	12.9	5.2	19.1	42.3	33.4	684.9	1.3	440.8	0.9	573.2	8.7	7.8	2.4	2.3	319.4	0.4	43.1	17.1	21.5	18	6	6	14.5	53.8	28.9
100	Rheinisch-Bergischer Kreis	8	437.3	276.5	134.4	258.9	631.5	-3.2	0.5	17.7	7.4	9.1	37.4	18.1	10.3	11.1	4.3	13.9	39.3	42.5	688.8	2.4	480.7	0.4	256.6	9.5	9.5	1.7	1.4	243.6	0.4	30.1	23.3	29.9	16.3	6.2	6.1	16.4	57.3	27.2
101	Leverkusen – Köln IV	1	131.1	305.6	148.8	261.7	2322.3	-0.5	6.5	16.2	8.2	13.7	36.2	16.2	9.5	10.9	3.6	15.7	36.1	44.6	538.3	2.3	502.5	0.3	768.3	11.1	8.9	2.6	2.1	417.9	0	25.1	22.3	23	29.5	8.4	8.2	17.3	100.9	28.9
102	Wuppertal I	1	130.8	307	148.9	254.7	2344.8	-3.1	2.3	16.1	8.7	12.1	35.8	17.2	10.1	11.4	5.4	20.8	34	39.8	518.3	1	554.8	0.5	462.3	10.9	9.8	2.7	1.2	325.3	0.1	31.8	21.6	28.6	17.9	11.9	11.6	23.6	133.9	28.4
103	Solingen – Remscheid – Wuppertal II	2	201.7	311.3	151.1	272	1546.8	-4	0.1	16.8	8.2	11.1	36.3	17.3	10.3	12.1	4.8	20.4	37.1	37.7	587.6	1.1	527.3	0.9	493	9.2	8.9	2.4	1	324.4	0.1	40.5	19.6	24.1	15.7	9.4	9.3	17.9	100.3	28.1
104	Mettmann I	6	183.8	272.2	131.7	243.3	1481.5	-2.6	3.2	16.2	7.3	10	37.4	18.8	10.3	10.3	5.9	16	41.2	36.9	634.3	1.7	486.7	0.6	785.9	10.1	9.6	2	2.1	339.2	0.2	33.3	28.3	19.3	18.9	6.8	6.6	16.1	72.2	28.7
105	Mettmann II	4	223.3	221.8	107.2	197.2	995	-4.1	0.3	16.3	7.2	9.9	36.9	19	10.6	10.3	5.9	16	41.2	36.9	634.3	1.7	510.1	0.9	798	10.1	9.6	2	2.1	339.2	0.2	33.3	28.3	19.3	18.9	6.8	6.6	16.1	72.2	28.7
106	Düsseldorf I	1	129.6	312.9	148.7	255.1	2403.8	-0.3	6.4	15.1	7.4	15.6	37	16.1	8.9	9.5	5.8	15.3	35.9	43	545.1	0.7	553.2	0.2	1293.8	14.3	13.7	2.6	9.3	618.2	0.1	14.9	23.3	23.3	38.4	8.4	7.8	15.5	104.1	27.5
107	Düsseldorf II	1	87.8	281.8	135.4	229.6	3198.6	-0.3	6.4	15.1	7.4	15.6	37	16.1	8.9	9.5	5.8	15.3	35.9	43	545.1	0.7	553.2	0.2	1293.8	14.3	13.7	2.6	9.3	618.2	0.1	14.9	23.3	23.3	38.4	8.4	7.8	15.5	104.1	27.5
108	Neuss I	4	347.6	291.9	143	258.2	838.5	-1.8	2.5	17.4	7.8	11.3	37.5	16.8	9.1	11.2	3.9	13.4	37.7	44.9	647.8	2.4	469.9	0.4	717.2	10.4	10.3	1.7	1.9	292.5	0.7	29.5	32.5	21	16.3	5.9	5.9	12.8	66	29.6
109	Mönchengladbach	1	170.5	257.4	125.3	228.4	1509	-3.7	0.7	16.7	8.7	11.8	36.3	17	9.5	12.8	7.3	24.6	29.9	38.2	553.6	1.4	498.9	0.4	506.8	11.2	10.9	3.4	4.7	327.8	0.2	25.7	24.6	27.3	22.1	10.6	10.8	21.3	140.9	29.2
110	Krefeld I – Neuss II	5	302.6	273.1	132.7	244.5	899	-2.9	3	16.3	7.3	10.1	37.9	18.3	10	11.5	4.4	17.5	36.4	41.8	593.6	1.8	502.7	0.3	463.9	10.2	9.9	2	2	317.7	0.6	31.4	27.9	22.4	17.7	7.8	7.8	15.3	88.3	27.7
111	Viersen	9	563.3	299.7	146.1	276.7	532.3	-3.6	1.7	17.2	8	9.7	38.6	17.1	9.4	12.1	5.1	16.4	37.5	41	666.3	1.5	459	0.6	425.9	10.8	10	2.2	1.7	268.5	2.1	32	27.7	25	13.2	7	6.9	14.9	64.4	28.9
112	Kleve	16	1232.1	308.7	153.2	275.2	250	-2.6	3.5	17.5	8.4	10.8	38.1	16.2	8.9	11.6	5.1	19.4	46.4	29	655.5	3.2	431.1	0.5	368.4	9.9	8.9	1.9	1.8	261.8	4.7	28.1	24.6	29	13.6	6.2	6.3	14.9	57.2	28.5
113	Wesel I	10	883.6	264.9	129.1	248.5	300.2	-3.9	0.9	16.7	8.1	9.8	38.2	17.4	9.8	11.8	4.6	16.9	41.3	37.3	646.5	2.3	427.5	0.5	421.1	8.4	8.3	2	3.2	255	0.8	32.7	24.3	28	14.3	6.7	7	16	72.2	28.4
114	Krefeld II – Wesel II	2	175.3	247.1	119.4	220.4	1412.5	-3.8	1.3	15.7	7.9	10.7	37.7	17.7	10.4	11.9	4.8	19.4	38.2	37.6	590	0.8	488.6	0.4	393.4	9.2	8.8	2.1	2.7	299	0.6	33.1	23.6	25.8	16.9	8.4	8.5	17.3	92.8	27.2
115	Duisburg I	1	118.6	240.6	118.1	214.4	2028.4	-3.9	0.6	16.4	8.6	11.9	36.1	16.5	10.5	10.4	7.9	20.2	35.2	36.7	506.4	1	532.1	0.3	382.5	10.3	10.4	2.4	2.1	320.8	0.1	30.1	24.3	26.3	19.3	12.3	12.9	23.3	135.7	27.8
116	Duisburg II	1	114.3	246.8	121.6	189	2166	-3.9	0.7	16.4	8.6	11.9	36.1	16.5	10.5	10.4	7.9	20.2	35.2	36.7	506.4	1	532.1	0.3	382.5	10.3	10.4	2.4	2.1	320.8	0.1	30.1	24.3	26.3	19.3	12.3	12.9	23.3	135.7	27.8
117	Oberhausen – Wesel III	2	124.8	281.7	137.3	246.3	2258.3	-4.2	2	15.8	8.3	11.4	37.3	17.3	10	10.7	6.9	18.6	35.7	38.8	572.4	1.2	497.5	0.3	365.1	8.6	8.8	3.2	1.5	275.3	0.2	30.4	24.7	24.7	19.9	10.5	10.6	24.6	112.3	28.2
118	Mülheim – Essen I	1	115.8	273.2	132	225.1	2358.9	-4.4	2.9	15.2	7.8	11.3	36.2	18.2	11.3	10.7	4.7	15.4	35.8	44	570.1	0.9	555	0.4	551	10	8.5	2.1	3.2	352	0.1	26.8	25.2	24	23.8	9.2	9	23.4	121.2	28.3
119	Essen II	1	67.7	214.5	104.9	200.6	3161	-4.6	2.5	15.2	8.4	12.6	35.5	17.5	10.8	10.9	6.8	15.9	34.1	43.3	532.8	1.1	556.9	0.3	544.6	10.8	9.9	2.6	2.4	384.8	0.1	18.8	21.2	29.4	30.6	12.3	11.6	29.5	143.8	27.2
120	Essen III	1	118.1	253.1	119.9	225.1	2146	-4.6	2.5	15.2	8.4	12.6	35.5	17.5	10.8	10.9	6.8	15.9	34.1	43.3	532.8	1.1	556.9	0.3	544.6	10.8	9.9	2.6	2.4	384.8	0.1	18.8	21.2	29.4	30.6	12.3	11.6	29.5	143.8	27.2
121	Recklinghausen I	3	165.1	221.9	107.7	201.5	1345.4	-5.7	-0.2	15.8	8.1	10.9	37.6	17.3	10.4	11.8	7	18	40	35	593.4	1.1	497.8	0.3	267.4	7.8	7.4	1.6	2.2	236.3	0.4	28.8	22.9	31.3	16.6	10.7	10.9	26.4	110.8	28.8
122	Recklinghausen II	5	388.2	251.2	122.5	228.5	648.9	-4.6	-1	16.2	8.1	10.3	37.6	17.3	10.5	11.8	7	18	40	35	593.4	1.7	482.9	0.3	404	7.8	7.4	1.6	2.2	236.3	0.4	28.8	22.9	31.3	16.6	10.7	10.9	26.4	110.8	28.8
123	Gelsenkirchen	1	104.9	256.4	125.1	218.8	2445.7	-5.7	0.6	16.5	8.7	11.5	36.4	16.5	10.4	13.4	9.6	18.3	35.6	36.5	511.6	1.2	556.2	0.3	384.8	10.8	9.9	3.9	2.3	284.7	0.1	28.7	20.4	30.6	20.2	13.5	13.8	26.2	170.8	28.8
124	Steinfurt I – Borken I	12	977.1	274.1	137.5	250.1	279.9	-0.4	0.2	19.7	9.2	11.3	36.9	14.8	8.2	13.8	4.8	18.7	45.7	30.9	641.6	4	412	0.7	507	7.6	6.7	1.4	2.9	308.7	1.1	38.5	24.9	22.5	13	4.4	4.6	15.7	48.2	32.4
125	Bottrop – Recklinghausen III	3	307.7	267.1	129.5	243.9	870.3	-4.2	0.6	16.5	8.3	10.7	37.1	17.4	10	11	6.3	17.8	40.7	35.2	603.4	1.4	482.1	0.4	268.3	8	8.1	2	3.4	251.5	0.4	31.8	22.4	29.6	15.7	9.8	9.8	24.5	105.5	28.9
126	Borken II	12	995.3	259.7	129.7	244.4	261	-0.9	-2	19.4	9	11	37.6	14.7	8.4	13.7	5.1	18.5	48.8	27.7	635.9	2.7	403.9	0.8	461.6	7.8	7	1.5	2.2	325.9	1.3	43.2	22.4	20.3	12.8	4.1	4.5	13.3	43.7	32.5
127	Coesfeld – Steinfurt II	14	1260.9	244.7	120.4	234.1	194.1	-1.9	-2	19.1	8.4	10.2	38.3	15.4	8.6	13.1	3.9	17.2	45.5	33.4	669.2	2.9	387.6	0.6	376.8	7.3	6.7	1.4	2.3	261	1.9	32.1	25.3	27.6	13.1	3.2	3.2	13	38.8	30.3
128	Steinfurt III	14	1091.4	252.6	124.9	238.3	231.2	-1.3	-1.3	19.3	8.5	10.4	37.7	15.1	9	13.8	4.6	18.8	43.6	33	645.5	3.3	415.8	0.7	366.8	7.5	6.6	1.3	3.4	297.3	0.9	35.1	26.7	24.1	13.1	4.5	4.6	17.3	51.1	32.4
129	Münster	1	303	293.4	137.9	272.3	963	0.9	40.1	15.1	11.9	16.7	34.9	13.1	8.3	11.3	4.5	12.8	31.9	50.9	516.9	5	497.5	0.3	952.2	8.8	6.8	1.5	0.9	492.7	0.5	13.6	19.4	36.7	29.7	5.9	5.2	14.6	69.9	30.4
130	Warendorf	13	1317.8	277.3	136.7	256.5	210.2	-1.8	-2.1	18.8	8.3	10.5	37	15.9	9.3	12.5	3.6	17.4	46.6	32.5	653.3	2	433.1	0.7	510.4	6.8	5.6	1.5	3.2	290.8	1.2	43.5	19.9	21.8	13.7	5.7	5.9	19	55.3	33.2
131	Gütersloh I	11	865.4	318.1	158	286.8	366.4	0	2.9	19.1	8.5	11.5	37	15.1	8.8	12.5	4.6	17.9	43.7	33.9	671.1	3.2	438.9	0.9	814.6	8.1	7.8	1.6	2.6	402.4	0.6	44.5	21.7	15.8	17.4	4.9	5.1	14.2	50.4	30.8
132	Bielefeld – Gütersloh II	2	293.3	335.3	161	295.1	1141.6	-1	1.2	17.2	9.1	13.5	34.6	15.5	10.1	13.1	3.9	15.9	38.8	41.4	539.7	2.1	486.9	0.6	587.9	10	9.3	3.1	2	409.9	0.2	24.2	24.1	31.7	19.8	8.9	8.6	21.4	106.8	30
133	Herford – Minden-Lübbecke II	10	515.2	295.4	143.2	277.1	574.1	-3.6	-1.7	17.7	8.1	10.5	36.1	16.6	10.9	13.1	5	14.9	41.9	38.2	689.2	1.7	475	1	464.6	9.7	9	2.1	3.3	345.6	0.4	41.2	23.1	22	13.3	5.9	5.9	17.6	65.8	30.2
134	Minden-Lübbecke I	10	1087.4	263.6	129.7	250.1	243	-3	-3.3	18.5	8.4	10.5	36.1	16.1	10.5	13.6	6	15.7	39.1	39.3	695.7	1.5	427.2	0.9	577.7	8.5	7.4	1.8	1.1	359.9	0.5	36.1	21.3	27.5	14.6	5.6	5.6	15.5	71.2	30.2
135	Lippe I	10	759.8	221.3	108.2	208.7	291.8	-4	-2.6	18	8.3	10.3	35.3	16.9	11.1	12.6	5.8	19	43.2	32.1	656.8	1.7	472	0.7	464.5	8.6	7.7	1.6	2.9	291.4	0.7	37.5	20.1	27.9	13.8	7.6	7.3	23.4	78.7	28.2
136	Höxter – Lippe II	16	1687.8	272.4	133.6	256.6	162	-3.4	-3	18.5	8.6	10.4	35.8	16.4	10.3	13.9	4.9	15.8	44.1	35.1	673	1.5	453.1	0.5	382.4	7.7	6.4	1.5	3.9	281.3	0.8	38	20.8	28.7	11.7	6.1	6	19.1	61.1	28.4
137	Paderborn – Gütersloh III	11	1314.3	327.4	162.2	304.4	249	0.9	3	18.8	9.5	12.9	36.9	14	8	12.8	3.9	19.1	44	33.1	632.3	3	434.9	0.7	372.4	8.8	8.1	1.3	2.7	351.9	0.6	34.5	20.8	25.9	18.1	6	6.3	15.7	64.5	29.9
138	Hagen – Ennepe-Ruhr-Kreis I	5	323.4	285.4	138	252.1	886.3	-5.5	-0.8	16.4	8.3	10.7	35.9	17.9	10.8	12.4	4.5	16	38.8	40.7	588.7	1.2	546.4	0.9	590.5	8.3	9.1	2.2	1.6	335	0.2	32.6	23.7	28.3	15.2	9.1	9	20.2	105.5	29
139	Ennepe-Ruhr-Kreis II	5	245.4	230.5	111.1	212.7	940	-5.2	0.9	15.3	7.6	10.4	37.6	18.5	10.6	10.2	3.8	15.7	41.1	39.4	648.7	1.4	518.4	0.7	470.5	8.2	9.9	2.1	1.6	291.8	0.2	41.3	21	24.9	12.5	7.2	7	17	78.5	26.4
140	Bochum I	1	103.3	282	137.8	247.2	2736.2	-4.6	2.6	14.1	8.7	12.8	37.1	16.9	10.4	10.9	5.8	14.3	38.4	41.4	573.4	0.7	515.8	0.4	333.5	7.7	8	2.5	2.2	329.8	0	24.1	21.6	33.8	20.6	9.6	9	22.7	103.6	27.8
141	Herne – Bochum II	1	93.8	255	125.3	220.4	2725.5	-5	2.3	15	8.3	11.8	37.4	17	10.6	10.6	6.6	18.3	36.6	38.6	522.8	0.4	518.3	0.3	297.6	7.8	7.4	2.7	2.8	290.7	0	28.3	21.1	30.5	20	11.8	11.5	27	118.9	27.8
142	Dortmund I	1	126.3	284	139.1	246.8	2249.2	-3.6	4.4	15.8	8.8	12.9	35.7	16.7	10	10.5	6.5	17.6	37.4	38.5	510.1	1.9	536.7	0.3	503.8	10.7	8.4	2.7	2.2	350.9	0	19.3	24.4	29.2	27	12.6	12.4	27.3	137.2	28.1
143	Dortmund II	–	154.4	297.4	147	240.5	1922.6	-3.6	4.4	15.8	8.8	12.9	35.7	16.7	10	10.5	6.5	17.6	37.4	38.5	510.1	1.9	536.7	0.3	503.8	10.7	8.4	2.7	2.2	350.9	0	19.3	24.4	29.2	27	12.6	12.4	27.3	137.2	28.1
144	Unna I	7	347.1	265.2	130.6	242.1	766.1	-3.7	-1.8	16.5	8.2	10.5	37.3	17.5	10	11.9	6.5	17	38.5	38.1	608.2	1.1	462.4	0.5	388	7.8	7.6	2.3	1.8	265.4	0.4	29.6	31.2	24.1	14.7	9	9.2	22.2	93.4	28.4
145	Hamm – Unna II	4	421.9	325.2	160.4	285.5	772.1	-3.9	2.3	17.2	8.4	11.3	36.9	16.5	9.6	12	5.7	17.1	43.7	33.5	572.8	2.3	475.3	0.4	375.8	8	7.1	2.7	3.6	273.8	0.2	28.1	28.2	27.9	15.7	9.9	10.3	23.2	107.8	27.6
146	Soest	14	1327.7	303.8	149.8	281.3	228.7	-3	1.4	17.8	8.2	10.8	37.4	16.3	9.5	13.5	4.4	19.5	40.5	35.6	654.7	2.1	451	0.7	485.9	8.4	8.3	1.8	1.6	323.2	1.5	39.6	21	24.5	13.4	6.1	6.2	15.4	58.3	28.9
147	Hochsauerlandkreis	12	1960.2	264.4	131	246.2	135.3	-4.1	-4.8	17.9	8.3	10.3	36.5	16.6	10.3	13.2	5.4	17.5	47.3	29.7	679.8	1.7	479.7	1.1	444	8	7.9	1.5	13	343.5	0.8	44.4	18.5	24.7	11.6	5.1	5.3	12.2	52.4	28
148	Siegen-Wittgenstein	11	1132.9	280.7	139.2	256.2	248.6	-3.2	-0.8	16.4	9.1	11.6	36.3	16.7	9.8	13.9	3.8	13.6	42.4	40.2	680.6	1.3	468.2	1.1	726.9	7.4	6.8	1.3	2.4	369.4	0.3	43.8	20.4	22.5	12.9	5.4	5.8	13.9	53	28.9
149	Olpe – Märkischer Kreis I	13	1160.2	285.2	141.7	255.3	246.6	-2.5	-2.7	17.9	8.5	11.1	37.2	16.1	9.3	12.8	6.8	19.4	40.2	33.5	660.8	1.5	459.8	1.5	653.7	7.4	7.2	2.3	5.9	356.2	0.4	54.7	15.2	18.1	11.7	5.7	6.2	13.3	58.4	29.8
150	Märkischer Kreis II	9	611	279.8	137.7	246.9	459.4	-3.1	-2.8	17.3	8.6	10.5	36.7	17.3	9.7	12.2	7.8	18.4	40.8	33	635	0.6	480.9	1.3	513.7	7.4	7.5	2.9	3.2	344.7	0.2	53.9	15.5	18.8	11.6	6.9	7.1	13.6	73.3	29.3
905	Land insgesamt	396	34097.7	17848.8	8729.8	15906.8	523.3	-2.6	2.4	16.8	8.4	11.7	36.8	16.5	9.6	11.7	5.4	17.4	39.2	38.1	601.4	1.9	483	0.5	541	9.5	8.8	2.2	2.7	334.2	0.5	29.5	22.9	26.2	20.9	7.9	7.8	18.8	87.8	28.8
151	Nordsachsen	34	2020.3	203.2	100.8	198.8	101.1	-5.3	-4.9	13.5	6.4	11.3	39.1	18.8	10.9	5.4	14.8	14.2	48	23.1	667.1	1.3	528.4	0.7	254.2	7.9	7.8	2.1	1	322.2	4.1	32.4	27.3	26.1	10	10.3	9.8	20	105.9	23.8
152	Leipzig I	1	170.8	262	128.7	246	1512.9	-0.3	17	13.2	9	17.3	33.1	17.3	10	5.3	14.3	10.5	40.9	34.4	426	1.7	595.4	0.3	363.6	12.6	9.7	3.6	1.4	405.9	0.1	16.1	20.4	30.5	32.8	10.8	9.8	21.4	133.7	24.9
153	Leipzig II	–	126.6	276.2	134.1	258.3	2160.1	-0.3	17	13.2	9	17.3	33.1	17.3	10	5.3	14.3	10.5	40.9	34.4	426	1.7	595.4	0.3	363.6	12.6	9.7	3.6	1.4	405.9	0.1	16.1	20.4	30.5	32.8	10.8	9.8	21.4	133.7	24.9
154	Leipzig-Land	34	1647.1	264	130	259.9	161	-4.6	-3.5	13.7	6.1	10.6	38.9	19.8	10.9	4.6	8.9	13.3	50.2	27.7	663.6	1.5	527.3	0.7	246.6	8.3	7.5	1.9	0.5	264.6	2.6	33.8	24.5	28.5	10.5	9.2	8.6	14.3	94.6	23.5
155	Meißen	32	1452.4	250.4	123.3	243.8	173	-4.4	-2.6	13.9	6	11.1	37.5	19.7	11.8	5.8	8	10.6	53.9	27.5	632	1	534	0.7	276.8	8.1	7.1	1.1	0.7	324.4	2.7	38	22.9	25.6	10.8	9	9	16.6	91.4	25.1
156	Bautzen I	54	2220.3	269.8	133.5	265	122.3	-4.6	-5.7	13.7	6.1	11.2	37.4	19.6	11.9	5.7	9.2	11.2	49	30.6	675	0.7	513.7	0.8	232.6	6.3	6.4	1.6	2	324.6	2	36.4	20.7	27.8	13.1	9.4	9.3	19.6	91.5	25.4
157	Görlitz	57	2106.2	271.1	132.8	264.8	129.9	-6.8	-5.7	13.3	6.1	10.3	36.6	21	12.8	6	10.4	11.9	54.7	23	622.9	0.7	578.8	0.7	211.2	8.3	8.2	1.3	1.1	287.2	2.6	32.2	19.9	34.5	10.8	12.4	11.9	26.9	118.7	23.5
158	Sächsische Schweiz-Osterzgebirge	39	1653.7	250.6	124.1	246.2	151.7	-4.4	-1.3	14.2	6.1	11	36.8	20.3	11.6	5.2	11.9	11.7	50	26.4	652.5	1.3	533.8	0.7	225.4	7.9	7.6	0.9	1.2	282.5	2.5	35.7	21.2	31.6	9	8.8	7.9	20.7	86.6	26.2
159	Dresden I	1	81.5	287.4	139.7	271.5	3514.8	2.1	10.5	14.2	10	17.3	31.6	17.1	9.8	4.8	8	9	46.8	36.3	453.4	3.1	542	0.5	438	12	10.1	1.5	1.3	433.3	0.2	18.5	19.9	34.6	26.8	8.8	8	16.7	95.9	25.8
160	Dresden II – Bautzen II	6	417.2	292.8	146.7	281.7	696.3	1.4	8.9	14.3	9.4	16.3	32.6	17.5	10	4.9	8.2	9.4	47.2	35.2	489.3	2.8	537.4	0.7	437.5	11.1	9.5	1.5	1.4	415.7	0.4	20.8	20	33.7	25.1	8.9	8.2	16.8	95.2	25.7
161	Mittelsachsen	40	1672.8	254.2	125.8	249.4	153	-5.9	-4.4	13.3	6.6	11.5	36.3	20	12.2	5.9	8.8	12.2	49.4	29.6	675	0.7	550.2	1.1	365.5	6.9	7	1.5	2.8	328.5	3.1	39.7	20.5	26	10.7	8.6	8.4	18	80.6	23.8
162	Chemnitz	1	220.8	243.5	117.7	230.8	1101.1	-4.9	4.6	12.4	7.4	13.1	32.8	22.1	12.2	5	11.2	10.7	46.3	31.7	566.2	0.8	619.9	0.7	365.4	9.4	8.5	2.7	1.6	445.1	0.2	23.4	20	30.5	25.9	10.1	9.7	25.4	110.4	25.2
163	Chemnitzer Umland – Erzgebirgskreis II	40	901.6	227.7	111.3	225.4	254.3	-6.2	-4.6	13.3	5.9	10.6	36.7	20.7	12.8	5.9	8.9	9.7	52.5	28.9	662.4	0.9	561.3	1.1	245	7	7.1	1.6	2	326.9	2	39.7	19.7	26.5	12	8.6	8.5	19	83.2	23.7
164	Erzgebirgskreis I	52	1561.9	278.3	136.1	274.9	179.6	-6.2	-6.5	13.7	6.1	11.1	36.2	20.7	12.2	5.9	8.1	8.9	58	25	669.8	0.8	568.6	1.1	202.5	6.9	6.8	1.5	0.8	300.3	2	43.8	18	27.3	8.8	8.8	8.8	21.1	83.9	23.4
165	Zwickau	24	754.7	259.5	126	254.4	345.9	-6.6	-4.4	12.7	6.6	11.1	36.2	21	12.4	5.8	9.9	8.4	49.2	32.5	643	0.6	602.7	0.7	325	7.1	7.6	1.7	2.6	354.2	1.2	36	20.5	26.2	16.1	8.3	8.3	18.4	84.7	23.8
166	Vogtlandkreis	42	1411.9	240.1	116.3	236.2	171.1	-7.5	-3.9	12.6	6.1	10.5	36.6	21.6	12.5	5.1	7.8	11.3	51.1	29.9	674.7	0.8	611.8	1	271.1	6.9	7.5	2.1	0.5	320.7	1.8	37.9	20.7	28.4	11.2	8.4	7.9	19.6	82.1	24.1
914	Land insgesamt	457	18419.8	4130.6	2026.5	4007.1	224.6	-3.9	0.9	13.5	7.1	12.7	35.6	19.6	11.5	5.4	10.1	10.8	49.4	29.7	596.6	1.3	562.4	0.7	303.6	8.8	8	1.9	1.4	347.4	1.5	29.9	20.8	29.6	18.1	9.4	9	19.9	98.4	24.6
167	Waldeck	29	2166.5	237.3	116.2	226.8	109.8	-5.1	-0.3	16.4	7.6	9.7	36.9	18.3	11	10.5	5.3	21	48.6	25.2	721	1.2	486.5	0.6	453	7.2	6.7	1.6	1.2	305.1	0.7	43	20.5	26.6	9.3	4.8	4.7	13.4	46.8	28.8
168	Kassel	12	357.5	297.8	144.1	270.1	831.5	-2.4	4.9	15.3	9	12.7	35.3	17.6	10.1	10.8	6.4	17	45.5	31.1	556	1.1	515.9	0.4	633.1	10.1	9.6	2.2	0.8	426.9	0.2	25.9	22.1	31.5	20.3	8.1	7.8	19.1	85	28
169	Werra-Meißner – Hersfeld-Rotenburg	36	2121.8	224.1	110.6	213.7	106.1	-5.2	1.6	15.6	7.4	10	36.6	18.6	11.7	11.5	5.1	22.3	47.2	25.3	741.9	0.7	492.3	0.6	407.4	6.5	5.8	2	1.3	309.7	1	32.5	28.5	27.5	10.4	5.3	5.3	14.8	56.7	28.4
170	Schwalm-Eder	38	2262.5	239	118.8	229.4	106	-5	-1.9	16.5	8	10.4	37.3	17.4	10.4	11.6	6.6	19.4	42.5	31.5	751.6	0.8	441	0.6	306.4	6.8	6.3	1.6	0.8	278.3	0.8	35.8	24.1	30.8	8.5	4.8	4.8	15	45.7	27.9
171	Marburg	22	1262.6	249.8	122.7	225.4	198.7	-1.3	0.4	16	10.3	12.7	37	15.1	8.9	10.3	5.3	18.9	42.1	33.7	627.1	1.7	430.4	0.6	488	11.9	9.1	1.7	1.5	328.2	0.3	38.4	14.3	33	14	4.4	4.4	11.6	47.4	29.1
172	Lahn-Dill	25	1153.4	274.5	134.8	253.3	238.3	-3.1	-0.9	17.1	8.2	10.8	36.8	17.2	10	12	5.1	22.8	45.4	26.6	698.8	1.6	463	0.9	450.4	9.2	8.6	2.2	2	332	0.3	42.3	19.5	24.1	13.9	5.9	6.1	17.4	65.3	30
173	Gießen	24	1343.3	281.3	138.1	259.6	209.7	-1.8	3.3	15.8	10.1	13	36.3	15.4	9.4	12.4	4.6	17.4	43.6	34.4	665.5	2.2	478.7	0.5	343.4	10.1	9.8	1.4	1.1	322.3	0.4	26.9	23.9	33.9	14.8	6.3	6	17.2	65.1	27.9
174	Fulda	33	2130.3	267.7	131.9	255	125.7	-2.6	-0.7	17.6	8.3	11	36.5	16.1	10.4	12	3.7	23	46.9	26.4	751.2	2.1	462.6	0.8	383.3	8.2	7.1	1.2	1.7	347.2	0.5	34.6	23.8	24.6	16.4	3.6	3.5	10	43.2	29.6
175	Main-Kinzig – Wetterau II – Schotten	24	1539.7	232.6	115	216.8	151	-3.6	-0.5	16.7	8	10.4	38	17.2	9.6	10.7	5	19.4	44	31.6	679.9	1.4	439.4	0.6	301.2	12.7	10.5	1.6	1.9	270.8	0.6	33.2	23.9	24.2	18.2	4.9	4.9	11.8	53	31.7
176	Hochtaunus	19	812.6	246.5	119.9	220.2	302.8	-1.8	3	17.6	7	10	38	17.8	9.7	10.5	3.8	18.6	38.7	38.9	753.7	1.8	475.7	0.4	533.5	12.9	11.3	1.4	0.9	326.1	0.3	22.1	22.4	25	30.2	4.3	4.3	11.5	45.4	31.9
177	Wetterau I	17	745.9	235.5	116	214.8	314.9	-2	4.9	17	7.5	10.7	38.4	17	9.4	11.2	5.4	16.8	36.8	41.1	683.4	2	438.4	0.4	314.9	12.2	10.5	2	1.1	248.3	0.7	28	25.2	26.9	19.2	4.9	4.9	13.2	47.5	29.4
178	Rheingau-Taunus – Limburg	27	1171.3	292.4	143.7	265.3	249.2	-2.5	2.6	17.1	7.5	10.2	38	17.7	9.5	10.6	4.7	19.1	42.2	34	721.5	2	461.4	0.5	328.3	11.5	10.6	1.5	0.7	233.1	0.8	28.6	24.3	29.3	17	4.7	4.7	14.1	48	31.6
179	Wiesbaden	1	203.9	280.1	135.3	225.8	1367.7	0.4	10.1	16.6	7.8	13.8	36.7	16	9	10.2	7.8	17.5	36.1	38.7	560.9	1.5	503.5	0.2	695	14.8	12.8	2.6	0.7	438.7	0.1	15.8	20.7	32.7	30.7	7.2	7.2	13.9	107.4	32.5
180	Hanau	14	346.2	251.2	123.5	219.2	721.4	-1.6	6.9	16.8	7.7	11.4	37.5	17.7	8.9	10.6	4.8	20.2	47	28.1	670	2.5	471.6	0.4	534.1	13.3	10.8	1.5	2.2	280.9	0.5	34.6	23.6	22.9	18.3	4.9	5	11.4	55.9	32.7
181	Main-Taunus	15	270.5	273.8	132.7	238.9	1007.3	-0.6	5.5	17.7	6.5	10.6	37.7	17.8	9.7	10.9	4.1	13.4	42.6	39.8	835.9	2.4	479.2	0.3	1053.3	13.5	11.9	0.9	0.6	371.7	0.2	17.1	28.1	21.4	33.2	4.2	4.3	10.4	40.7	30.8
182	Frankfurt am Main I	1	85	346.3	172.7	259.6	4024	2.8	13.5	15.5	7.4	17	37.7	14.5	7.8	8.3	5.2	16.7	36.3	41.7	508.1	3.1	526.5	0.2	1724.4	20.8	16.9	2.3	0.6	719	0	10.1	26.4	18.7	44.8	7.2	6.7	11.9	99.2	30.7
183	Frankfurt am Main II	–	163.3	354	171.9	287.4	2140.1	2.8	13.5	15.5	7.4	17	37.7	14.5	7.8	8.3	5.2	16.7	36.3	41.7	508.1	3.1	526.5	0.2	1724.4	20.8	16.9	2.3	0.6	719	0	10.1	26.4	18.7	44.8	7.2	6.7	11.9	99.2	30.7
184	Groß-Gerau	14	453.1	259	129.3	212.8	567.6	0	8.5	17.3	8	12.6	37	16.6	8.5	10.4	6.6	19.6	42.1	31.7	661.4	2	453.5	0.3	527.7	13.3	10.9	1.6	0.6	347.5	0.4	33.1	30	17.4	19.1	5.8	6.1	13	77.2	32.7
185	Offenbach	9	241.4	353.6	175.6	283.8	1450.2	1	10.2	17.1	7.9	13.2	36.4	16.6	8.8	9.4	5.6	20.2	38.1	36	583.5	1.9	481.6	0.4	536.1	21	17.4	2.9	0.5	326.1	0.2	24.7	28.1	19.1	27.9	6.9	7	13.7	95.4	33.6
186	Darmstadt	15	449.3	334.9	167.2	291.5	741.4	-0.2	16.6	16.4	8.9	13.4	36.9	15.9	8.5	11.3	4.7	14.5	35.1	45.7	614.7	3.2	485	0.4	414.8	11.3	10.9	1.8	1.2	388.4	0.4	26.3	20.3	27.6	25.4	5.2	5	11.4	65.1	32.8
187	Odenwald	29	1115.1	316.3	157	283.8	282.8	-2.4	1.3	16.8	7.9	10.6	38.1	17.5	9.1	10.1	5.6	19.7	42.7	32	686.5	0.8	440.9	0.6	336.4	12.8	11.2	2.1	0.9	258.7	0.6	33.2	27.8	20.1	18.4	5.1	5.2	11.9	58.7	31.4
188	Bergstraße	22	719.5	263.4	129.5	236.9	365.3	-3	3.5	16.5	7.6	10.5	38.1	17.7	9.6	11.5	4.4	16.3	41.7	37.6	709.5	2	456.3	0.5	387.3	11.7	10.3	1.6	0.9	247.3	0.8	33.1	27.6	23.5	15	4.6	4.7	11.6	51.3	27.7
906	Land insgesamt	426	21114.8	6111	3006.5	5390	288.5	-1.5	5.3	16.6	8	12.1	37.2	16.7	9.4	10.6	5.2	18.6	41.8	34.4	660.2	1.9	475.2	0.5	616.2	12.8	11	1.9	1.1	366.6	0.4	25.2	24.4	24.5	25.5	5.5	5.5	12.8	65.5	30.7
189	Eichsfeld – Nordhausen – Unstrut-Hainich-Kreis I	113	1909.1	241.1	120.5	235.3	126.9	-3.2	-3.6	14.2	7.3	12.3	37.6	18.7	9.9	7	9.3	14.9	42.9	32.9	650.8	1.4	478	0.8	199.7	6.1	5.8	1.5	0.6	307.3	2.5	36.7	19.6	29.9	11.2	8.6	8.8	23.8	82.3	26.4
190	Eisenach – Wartburgkreis – Unstrut-Hainich-Kreis II	100	2126.2	230.6	114.8	226.6	108.9	-4.1	-3.2	13.7	6.6	11.9	38.4	19.2	10.3	6.5	9.2	14.8	45.1	30.8	658.1	1.4	503	0.9	270	5.9	5.7	1.6	1.2	339.4	2.3	41	19.1	24.8	12.9	7.7	8.1	16.4	71.8	26.7
191	Kyffhäuserkreis – Sömmerda – Weimarer Land I	171	2554.3	229.2	113.8	226.2	90.2	-5.1	-3.4	13.7	6.3	11.4	39.3	19.4	9.9	5.8	8.1	18.3	45.4	28.2	679.8	1.1	503.9	0.6	223.1	6.4	6.2	1.7	0.6	268.5	4.4	37.3	20.7	28	9.6	9.5	9.4	16.3	92.7	25.2
192	Gotha – Ilm-Kreis	92	1778.8	248.2	123.3	241.8	140	-5.2	-0.2	13.4	7	11.7	37.9	19.8	10.3	6.1	9	14.3	44.3	32.5	633.9	1.1	526.1	1	278	7.2	8.1	1.7	0.7	327.1	2.2	40.8	21.6	23.7	11.7	8	8.3	16.6	85	26.7
193	Erfurt – Weimar – Weimarer Land II	11	441.5	279.5	135.8	268.2	631.1	-1.1	6.4	13.8	9	15	35.3	17.7	9.2	5.8	9.4	14	33.9	42.6	504.6	1.3	532.8	0.4	257.8	9.8	8.6	2.1	0.5	449.6	0.4	16.9	19.8	34.3	28.6	8.8	8.3	21.2	113	27.5
194	Gera – Jena – Saale-Holzland-Kreis	95	1083.4	289.3	142.5	278.9	268.2	-2.3	0	12.8	8.3	13.7	35.7	19.2	10.2	5.4	10.1	12.6	40.5	36.8	547.1	1.8	545.5	0.7	336.7	7.8	7.4	1.7	0.6	386.9	1.2	25.9	18.8	33.4	20.8	8.4	7.7	15.6	90.9	24.2
195	Greiz – Altenburger Land	93	1412.6	201.8	99.1	198.7	144	-7	-7.3	12.2	5.8	10.2	38.3	21.2	12.3	6.1	7.1	16.7	45.3	30.9	671.3	1	590.9	0.8	197.6	6.2	6.9	1.6	0.6	272	3	39.6	23	25.3	9	10.1	10.2	19.4	93.3	23.4
196	Sonneberg – Saalfeld-Rudolstadt – Saale-Orla-Kreis	126	2616.5	260	128.2	254.5	100.1	-6.4	-3.9	12.4	6.3	11.1	38.4	20.1	11.7	5.5	7.1	13.9	52	27	687.1	1.2	537	1.1	253.2	6.7	7	1.6	0.8	326.8	3	43.4	17.8	24.6	11.2	6.9	6.9	14.8	66.2	24.3
197	Suhl – Schmalkalden-Meiningen – Hildburghausen	106	2250.1	232	115.4	227.5	103.7	-5.9	-4.5	12.3	6.6	11.8	38.6	20.2	10.5	5.9	8.6	17	48	26.4	696.8	1	515.7	1.1	220.1	6.8	7.5	1.7	1.3	329.7	2.3	37.7	18.5	28.6	12.9	6.2	6.1	12.5	56	24.1
916	Land insgesamt	907	16172.5	2211.8	1093.3	2157.7	137.3	-4.3	-1.9	13.2	7.1	12.2	37.6	19.4	10.4	6	8.7	15.1	43.9	32.3	631.8	1.3	525.6	0.8	251.7	7.1	7.1	1.7	0.8	338.5	2.1	33.8	19.7	28.7	15.6	8.2	8.1	17.9	83.9	25.5
198	Neuwied	181	1268.9	310.4	152.9	291.2	245.4	-4.2	-0.9	17.3	8.4	10.2	36.8	16.9	10.4	12.1	6.5	23.4	44.9	25.3	709	1.2	466.1	0.9	351.9	10	10.1	2.2	0.8	281.1	0.5	41.9	21.1	25.4	11.1	5.5	5.5	14.7	55.1	29.2
199	Ahrweiler	131	1337.2	244.9	120.4	231.5	183.3	-4.3	1.4	16.5	8	10.2	37.4	17.4	10.5	10.5	5	20.5	42.3	32.2	716.6	2.3	483.1	0.6	359.8	9.8	10	2	1	248.9	0.9	32.7	24.6	29.9	12	4.4	4.3	11.3	46.1	29.7
200	Koblenz	63	635	251.1	121.9	232.7	392.9	-2.6	1.3	15.6	8.1	12	35.7	17.8	10.8	11.8	6.5	18.9	37.5	37.1	666.6	1.7	525.8	0.4	606.3	10.7	10.1	2.1	1.3	410.9	0.3	23.1	23.2	32.7	20.7	5.2	5.2	13.4	63.4	30.2
201	Mosel/Rhein-Hunsrück	277	2287.4	217.7	107.9	207.2	95.5	-4.9	-2.4	16.5	7.9	10.3	36.8	17.4	11.1	10.8	6	21	47.6	25.4	787.5	2.9	501.6	0.6	349.2	8.4	9.4	1.6	0.8	304.6	1.1	35.8	25	25.6	12.5	4.2	4.3	11.5	32.9	28.7
202	Kreuznach	215	1640.3	236.9	116.4	219.7	145	-4.4	0.6	16.3	7.9	10.4	36.9	17.8	10.7	10.4	5.1	18.9	42.7	33.3	708.6	1.3	495	0.6	312.3	10	9.9	2.1	4.2	302.3	0.7	33.8	20.8	31.9	12.8	6.6	6.6	15.4	66.7	28.7
203	Bitburg	400	3100.8	210	104.5	196.1	67.7	-4.1	0.3	17.3	8.3	10.6	36.9	16.3	10.6	13.1	5	21	44	30	814.3	4.5	503.9	0.8	342.5	7.9	11.2	1.3	0.9	288.4	1.1	41.8	21.8	25.8	9.5	3.7	3.6	9.7	30	30.2
204	Trier	105	1218.6	248.5	121	228.8	204	-1.9	4.6	16	9.9	13.2	36.7	14.8	9.4	10.8	6	19.9	38.7	35.3	668.8	4.3	470.6	0.5	312.4	8.2	8.2	1.7	0.7	310.3	0.7	26.4	24.2	36.2	12.6	4.2	3.7	10.6	38	28.4
205	Montabaur	297	1508.5	268.3	133.4	251.8	178.5	-3.7	-1.4	17.6	8.2	10.6	37.5	16.5	9.7	11	7	21.5	47.4	24.1	747.8	1.7	459.5	0.9	377.8	9.7	9.8	1.9	1.1	284.5	0.4	41.7	21.9	22.7	13.2	3.7	3.7	9.3	39.4	29.7
206	Mainz	42	523.8	346.2	168.5	301.6	658.7	0.1	6.1	15.7	9.5	14.6	36.3	15.4	8.5	10.3	2.9	16.7	34.2	46.2	614.2	2.9	494	0.3	703	11	8.9	1.4	0.8	394	0.5	18.1	21.1	33.8	26.5	5	4.8	11.8	58.2	29.9
207	Worms	95	876.5	265.8	131.3	243.1	302.7	-2	2.5	17.6	8.1	11.1	38.8	15.9	8.5	10.6	4.6	19.8	42.1	33.5	705.9	1.8	454.6	0.4	297.4	11.4	10.9	1.9	1.1	266.1	1.6	29.6	25.5	24.1	19.2	5.4	5.5	12.7	57.3	30
208	Ludwigshafen/Frankenthal	20	314.7	314.8	156	263.1	993.7	-1.7	6.8	16.3	8	11.7	36.9	17.1	10.1	10	8.4	24.6	33.8	33.3	596.9	2.2	497.8	0.3	757.7	10.8	10.3	1.8	1.4	396.2	1.7	47.3	15.2	20.1	15.8	6.5	6.9	11.8	84.5	30.7
209	Neustadt – Speyer	57	866.1	284.7	139	262.4	328.2	-4	4.9	16.3	7.5	10.2	38	17.8	10.2	9.7	4	15.5	37.7	42.7	701.8	2.1	494.6	0.4	320.7	11	9.9	1.3	0.5	268.3	2.7	25.6	23.5	31.8	16.5	4.5	4.6	8.8	47.2	28.7
210	Kaiserslautern	208	1695.9	298.2	149	277.6	176.3	-3.9	0.5	16	9.1	11.5	37.1	16.4	10	12.4	5.7	19.3	39.9	35.2	676.4	1.7	524.4	0.5	316.8	9.1	8.6	2.1	1.5	311	0.4	30	18.1	34.5	17	7	6.8	14.8	68.7	27.2
211	Pirmasens	108	1388.2	223.4	110	210.1	161.8	-5.5	-1.8	15.6	8.1	10.3	36.9	17.7	11.4	9.8	6.3	22.8	40.9	30.1	723.3	1.5	543	0.6	263.5	8	8.6	2.9	0.4	261.4	0.4	35.3	24	30.2	9.9	6.5	6.2	15.9	58.1	27
212	Südpfalz	107	1186.1	278.6	137.3	258.2	234.2	-2.1	3.5	16.7	8.6	11	38.1	16.4	9.2	11.6	5.5	18.1	45.2	31.1	734.5	2.9	465.2	0.5	330.6	9.6	9.7	1.5	0.4	307.1	1.4	38	22	26.3	12.3	4.2	4.4	9.4	40.5	28.8
907	Land insgesamt	2306	19854.1	3999.3	1969.4	3675.3	201.4	-3.1	2	16.5	8.4	11.3	37.1	16.7	10	11	5.6	20.1	41.1	33.2	699.2	2.3	491.1	0.6	411.7	9.8	9.7	1.8	1.1	312	0.9	32.9	21.7	28.8	15.7	5.1	5.1	11.9	53.4	29.2
213	Altötting	55	1374.7	219.5	108.9	202.3	159.1	-2.7	5.9	17.5	8.2	11	37.2	16.7	9.5	14.1	4.3	20.7	39	35.9	737.3	2.6	458.8	0.6	702.6	9.8	8.1	1.1	0.6	339	0.5	49	17.7	22.3	10.5	3.7	3.7	8.9	30.5	27.9
214	Erding – Ebersberg	47	1420.1	262.1	130.9	238.7	182.4	0.9	10	19.3	7.8	11.4	38.9	15.1	7.5	13.2	4.1	19.5	36.8	39.7	713.9	4.4	412	0.4	418.4	13.6	11.2	1	0.4	247.2	1.2	23.8	34.8	24.5	15.7	2	2	5.2	15.3	30.9
215	Freising	45	1623.2	297.6	150.5	266.4	181.9	1.3	7.7	18.3	8.8	13	38.6	14.2	7.1	12.5	4.5	21.3	37.6	36.5	736.3	5	416.5	0.5	530.7	12.1	9.9	1.4	0.2	376.4	0.5	28.9	40.8	16	13.9	2.2	2.1	4.9	11.9	29.4
216	Fürstenfeldbruck	39	981.2	344.2	169.6	305.5	347.4	0	11.3	17.8	7.6	11.4	37.7	17.3	8.2	12.7	3.1	17.9	31.2	47.8	652	4.7	451.7	0.4	340.9	13.2	10.7	1.4	0.8	212.4	0.6	27.9	28	25.4	18.1	2.7	2.6	6.5	25	31.9
217	Ingolstadt	48	2057.3	344.5	173.4	308.1	166	0.3	7.3	18.1	8.6	13.4	36.6	15	8.3	14.4	3.8	20.3	37.9	37.9	763.1	5.9	438.7	0.6	667.5	9.3	8	1.3	0.6	421.8	0.3	46.3	17.5	19.5	16.5	2.2	2.5	6.2	24	31.1
218	München-Nord	1	87.8	353.4	174.9	255.9	3971.8	3.1	15	14.9	8.6	18.4	35.3	15.3	7.5	10.2	5	17.4	29.8	47.8	548.4	4.3	548.3	0.2	1396.1	16.1	11.7	1.6	1.1	514.9	0.1	17.6	18.4	25.6	38.4	4.9	4.6	8.6	52	29.5
219	München-Ost	–	79.7	363.7	176.2	275.6	4513.4	3.1	15	14.9	8.6	18.4	35.3	15.3	7.5	10.2	5	17.4	29.8	47.8	548.4	4.3	548.3	0.2	1396.1	16.1	11.7	1.6	1.1	514.9	0.1	17.6	18.4	25.6	38.4	4.9	4.6	8.6	52	29.5
220	München-Süd	–	52.5	321.5	155.3	244	6072	3.1	15	14.9	8.6	18.4	35.3	15.3	7.5	10.2	5	17.4	29.8	47.8	548.4	4.3	548.3	0.2	1396.1	16.1	11.7	1.6	1.1	514.9	0.1	17.6	18.4	25.6	38.4	4.9	4.6	8.6	52	29.5
221	München-West/Mitte	–	90.7	356.4	174.2	273.8	3869.1	3.1	15	14.9	8.6	18.4	35.3	15.3	7.5	10.2	5	17.4	29.8	47.8	548.4	4.3	548.3	0.2	1396.1	16.1	11.7	1.6	1.1	514.9	0.1	17.6	18.4	25.6	38.4	4.9	4.6	8.6	52	29.5
222	München-Land	30	719.8	351.8	173.8	304.2	483.7	0	14.8	18	7.3	11.4	37.1	17.6	8.5	11.4	2.2	13.1	25	59.7	789.4	5.4	460.6	0.6	1803	18.7	14	1.3	1.1	545.5	0.2	22.4	25.3	14.5	37.6	3	3	6.5	19.7	31.5
223	Rosenheim	47	1476.8	314.7	155.3	284.2	211.7	-1.3	6.2	17.5	8.2	11.2	37.2	17.2	8.8	14.4	3.7	19.4	40	36.9	713.7	3.6	443.8	0.5	431.2	13.9	10.8	1.5	1.2	315.7	0.6	31.4	25.3	28.6	14.1	3.1	3	6.5	24.8	28.6
224	Starnberg	51	2409.2	332.5	161.2	300.2	136.9	-1.9	7.9	17.4	7.3	10.3	37.3	18.1	9.6	13.7	3.2	19	34.9	42.9	731.2	3.2	467.3	0.5	461.4	15.2	12.4	1.3	1.9	291	0.9	31.7	25.2	25.4	16.8	2.8	2.6	5.7	19.4	27.9
225	Traunstein	50	2373.9	275.2	134.4	249.3	115.4	-3.1	6.6	16.4	8	11	36	18.1	10.4	13.8	4.5	19.2	39.1	37.1	739.4	3.2	496.3	0.5	493	11.2	9.3	0.9	0.6	318.9	0.8	38.2	24.7	25.8	10.5	3.4	3.1	8.3	22.3	28.1
226	Weilheim	87	2783	334.7	165.5	309.1	119.7	-1.5	5	17.9	7.8	10.5	37.3	17.3	9.2	14.4	4.1	18.9	35.6	41.4	739.9	3.7	475.6	0.5	395.3	12.1	10.2	1.2	1.7	288.6	0.7	35.7	24.3	28	11.3	3.1	2.9	7.3	21.5	29.1
227	Deggendorf	51	1845.5	196.5	97.2	187.3	106.5	-3.1	3.9	16.8	8.5	11.2	38.3	16	9.1	13.2	3.5	22.3	37.5	36.7	794.3	3.5	468.9	0.7	338.2	9.7	8.8	1.4	2.1	318.6	0.6	43.1	21.1	24.4	10.9	3.4	3.2	6.1	27.6	28.1
228	Landshut	60	2480	329.7	164	305	132	-1.2	8	17.9	8.4	11.7	38	15.6	8.5	13.4	3.4	23.3	39.8	33.6	756.4	3.7	452.7	0.6	451.4	10.3	8.4	1.3	2.2	321.3	0.8	37.8	20.1	25	16.3	3	3.1	8	20.6	29.1
229	Passau	39	1599.8	238.4	116.8	223.3	148.9	-3.2	4.1	16	8.6	11.5	37.2	16.9	9.8	13.8	4.6	20.7	39.4	35.3	748.5	1.5	477.1	0.8	352.7	10.6	8.8	1.1	1.1	356.1	0.6	37.2	24	26.1	12.1	4.3	4.2	11.8	31.2	27.6
230	Rottal-Inn	46	2159.2	210.8	105.8	196.1	97	-2.7	5.2	17.5	8.5	11.3	37.3	16	9.4	14.2	4.3	26.3	33.3	36	844.2	3	439.8	0.6	984.9	10.3	8.3	1	1.3	373.2	1	54.9	16.6	15.9	11.6	2.9	2.8	5.1	20.6	30.3
231	Straubing	62	2244.4	221.7	110.7	207.6	98.5	-3.5	3.6	16.6	8.2	11.3	38.2	16.5	9.2	14.4	4.1	20	40	36	779.8	2.8	479.8	0.6	383.3	10	8.5	1.4	1.8	314	1.2	40.1	22.9	23.7	12.1	3.9	3.7	10.8	29.6	27.6
232	Amberg	47	2650	276.4	137.5	262	104.2	-2.7	0.8	17.3	8.7	11.1	37.9	15.5	9.3	14.2	3.9	22.7	37.4	36	768.9	2.5	456.4	0.7	336.9	8.5	7	1.1	1.6	323.4	0.4	44.6	18.9	24.9	11.2	3.1	3	8.7	24.3	28.6
233	Regensburg	42	1472.7	323.3	159	298.2	218.3	-0.9	7.4	16.3	8.7	13.7	37.9	15.2	8.2	12.2	3.4	19.1	32.1	45.3	729.4	6.1	498.1	0.4	560.8	9.8	8	1.1	0.8	435.6	0.4	35.4	20.3	25.9	18	3.1	3	8	34	25.8
234	Schwandorf	72	2985.1	271.4	135.4	259.2	90.8	-3.1	2.3	16.9	8.5	11.3	37.9	15.9	9.5	13.7	3.7	23.9	37.3	35.1	843.8	2.4	463.2	0.8	414	8.6	6.9	1.5	0.9	341.8	0.8	48.5	20.8	19.3	10.7	3.1	3	9.6	20.8	30.2
235	Weiden	65	2582.4	212.5	104.5	203.4	82.5	-4.4	0	16.8	8.5	11	37.2	16.5	10	14.6	5	19	41.6	34.4	787.9	2.7	503.7	0.8	320.5	8	6.5	1.7	0.7	341.3	0.7	42.7	21.5	24	11.1	4.9	5	13.8	40.4	28.1
236	Bamberg	37	1003	228.9	111.4	216	227.8	-1.6	3.4	16.9	9.1	12.4	37.6	15.3	8.8	17.1	3.2	14.9	30.1	51.8	743.3	3.2	472.4	0.5	402.8	9.7	8.2	1.3	0.7	366.7	0.6	38.1	20.9	25.9	14.5	3.6	3.7	9.4	29.3	27.9
237	Bayreuth	44	1648.2	206	101.4	193.8	125.5	-4.4	4.9	15.7	9.9	11.5	36.6	16.6	9.7	14.4	3.4	18.3	34.2	44.1	734.1	2.5	488.1	0.5	380.7	9.2	7.5	1.9	0.5	341.1	0.5	31.4	21.4	30.7	16	4.3	4	11.1	37.7	26.5
238	Coburg	36	1290.3	197.7	97	187.9	153.6	-4.3	-1.6	15.5	7.9	10.4	37.7	17.5	10.9	13.1	4	18.4	34.6	43	741.4	1.3	509.6	1.2	612.5	8.1	6.8	1.9	1.3	414.8	0.5	47.2	16.6	18.4	17.2	4.4	4.4	9	37.2	27.7
239	Hof	45	1557	219.5	106	205.3	141.8	-7.7	-3.8	15	7.5	9.6	36.4	19.1	12.4	14.6	5.5	19	34.1	41.5	712.1	0.7	568.8	1	335.9	7.4	7.1	2.2	1.8	375.7	0.4	42.2	23	23.1	11.3	5	4.9	13.2	55.4	27.5
240	Kulmbach	52	1733	212.6	104.6	205	122.9	-3.6	0.4	16.5	8	10.6	38.3	16.7	9.9	11	4.9	24.6	41.1	29.5	788.9	1.6	471.9	0.8	308.9	8	6.9	1.6	1.9	316.3	0.6	41	25.4	22.3	10.7	3.7	3.6	10.5	28.6	26.8
241	Ansbach	86	3042.7	312	154.5	291.8	102.5	-3.4	1.1	17.7	8.7	11	36.9	15.9	9.8	15.8	3.4	20.5	38.9	37.2	802.5	2.2	462.6	0.8	377.2	8.6	7	1.3	2.5	339.5	0.7	42.6	19.4	26.3	11	3	3.2	8.7	26.2	32.1
242	Erlangen	26	641.6	239.5	118.7	214.4	371.5	-0.5	5.9	16.9	8.7	13.5	36.6	15.8	8.6	14.9	3.1	13.4	26.7	56.8	662	5	479.7	0.4	569.4	8.8	7.3	1.1	0.4	529.6	0.2	41.7	12.7	22.9	22.5	3.1	3.1	6.1	26.1	30.6
243	Fürth	53	1638.5	330.9	162.7	304.1	201.1	-2	9.2	16.7	8.1	11.6	37.8	16.7	9	13.4	4.4	18	33.7	43.9	693	3.1	480.2	0.5	309.8	11.6	9.6	1.3	0.9	270.7	0.9	35.4	23.3	24.2	16.2	4.1	4	11.1	41.7	29.2
244	Nürnberg-Nord	1	85.7	285.7	139.4	232.5	3307.2	-1.8	11.1	14.7	8.6	14.9	35.5	16.7	9.6	12.3	6.6	21.9	29.3	42.2	519.9	2.3	522.5	0.5	663	13	10.3	1.8	5	530.3	0.3	22.3	23.2	22.2	32	7.6	7.7	14.7	88.5	29
245	Nürnberg-Süd	1	141.5	267.8	129.8	227.1	1881.7	-1.8	10.7	15	8.5	14.3	35.8	16.9	9.6	13.7	6.2	19.6	30.6	43.7	544.6	2.3	519.5	0.5	643.1	13	10.3	1.8	4.4	504.4	0.3	23.8	23.7	22.2	30	7.1	7.2	14.4	82.8	29
246	Roth	43	1695	290.7	143.3	272.5	171.2	-3.5	2.6	17	7.8	10.3	38.2	17.4	9.3	12.2	5.6	21.8	33.2	39.4	761.8	2.7	454	0.7	391.4	10.2	8.5	1.2	1.2	271.9	0.5	42.3	22.2	24.3	10.8	2.8	2.7	6.7	20	29.6
247	Aschaffenburg	33	761.6	241.5	118.9	218	316.4	-2.1	0.5	16.7	8.1	11.4	37.9	16.5	9.4	14	4.1	19.1	36	40.8	728.4	3.2	467.4	0.6	463.4	11.4	10	1.5	0.9	381.2	0.5	35.4	30.6	18.2	15.3	3.7	3.7	10.1	36.9	30.2
248	Bad Kissingen	89	3115.1	270.3	134.3	261.2	86.9	-4.2	-1	16.9	8.3	10.5	37.5	16.6	10.2	14.9	3.4	20.7	38.1	37.7	794.1	2.4	475.9	0.7	284.9	7.2	6.4	0.9	2.5	308.2	0.8	42.5	19.1	28.5	9.1	3.6	3.7	11.7	25	27.9
249	Main-Spessart	72	2037.3	254.7	127.1	235	125.2	-2.5	-1.6	17.2	8.3	10.6	37.8	16.5	9.7	14.1	4.1	22.3	38.5	35.1	756	1.6	458.7	0.8	395.4	9.6	8.1	1.4	2	315.3	0.7	54.2	17.6	18.1	9.4	2.9	2.9	6.8	23.3	30.8
250	Schweinfurt	61	1561.4	254.8	126.4	237	163	-3.1	1.7	16.5	8.7	11.2	36.9	16.6	10.1	17.1	2.9	19.6	36.2	41.3	742	2.6	468.7	0.6	455.9	8.7	6.8	1.1	1.5	394.7	1	44.6	21.4	22.5	10.5	3.5	3.9	9.9	35.8	27.6
251	Würzburg	53	1056	292.8	141.6	268.4	278	-1.4	1.5	14.6	10.4	14.3	36	15.4	9.2	12.5	4.1	15.3	32.4	48.1	647.8	2.4	495.3	0.4	431.3	9.4	8.9	1.4	0.7	383.3	0.4	21.6	24.5	34.5	18.9	3.5	3.4	9.8	33.7	29.1
252	Augsburg-Stadt	2	165.2	296.1	144.9	246.1	1780.2	-2.1	9	15.4	9.6	14	35	16.4	9.5	15.2	3.7	18.5	30.4	47.5	538.6	4.7	528.4	0.4	409.6	12.3	9.8	2.5	0.9	457.2	0.2	27.6	20	30.3	21.8	5.6	5.9	10.2	61.2	29.4
253	Augsburg-Land	61	1567.6	320.1	158.3	298.6	203.2	-0.9	4.5	18.2	8.2	10.6	38	16.5	8.5	11.1	5.4	27.3	39.2	28.1	746	2.9	451	0.6	354.3	12.5	10	1.4	0.4	242.1	1	40.6	27.4	17.9	13.1	2.5	2.6	5.6	19.9	31.7
254	Donau-Ries	79	2332.4	246.6	124.1	231.2	105.3	-1.6	1.9	18.6	8.6	11.3	37.3	15.5	8.7	15.3	3.4	19.6	42.9	34.1	806	2.4	443.9	0.9	421.9	9.3	7.2	1.2	1.4	351.8	1.3	46.2	21.4	18.2	13	2.2	2.4	4.7	17	30.4
255	Neu-Ulm	70	1684.5	320.8	160.3	286.3	189.9	-1.1	2.6	18.3	8.5	11.7	37.1	16	8.5	13.7	5.2	20.5	35.9	38.4	739.5	3.4	455.1	0.8	405.3	11	8.9	1.4	0.7	341.3	0.5	44	24	20.9	10.6	3.1	3.2	7.1	25.2	30.9
256	Oberallgäu	48	1914.7	293.4	143	265.2	152.5	-2.8	3.8	17.1	8.2	10.9	35.8	18.1	9.9	13.8	4.5	21.3	38	36.1	739.5	3.5	533.3	0.6	348.6	11.2	9.3	1.5	0.7	355.2	0.7	35.4	28	21.4	14.4	3.7	3.9	8.2	24.8	29
257	Ostallgäu	80	2329	320.6	158.1	295	136.9	-2.7	3.7	17.9	8.2	11	36	17	9.8	15	4	21.5	38.9	35.6	759.8	2.3	483.2	0.7	420	10.9	9.2	1.7	1.5	356.9	0.6	45	21.9	22.1	10.4	3.1	3.3	7.2	20.3	28.9
909	Land insgesamt	2056	70550.2	12655.3	6240.7	11352	178.5	-1.5	6	16.8	8.4	12.4	37	16.4	9.1	13.4	4.1	19.8	35.3	40.8	711.3	3.4	481.6	0.6	588	11.4	9.2	1.4	1.3	373.4	0.5	34.2	22.1	23.5	19.7	3.6	3.6	8.6	32.7	29.1
258	Stuttgart I	1	114	300.6	149.7	238.9	2615.9	1	10.1	14.6	8.5	16.5	36.5	15.1	8.8	8.8	5.2	19.8	33.4	41.7	513.8	2.3	488.3	0.3	1217	9.3	8	1.8	0.8	570.9	0.1	19.8	16.3	27.7	36	5.9	5.8	10.7	61.1	28.3
259	Stuttgart II	–	93.4	317.8	158.9	237.4	3376.2	1	10.1	14.6	8.5	16.5	36.5	15.1	8.8	8.8	5.2	19.8	33.4	41.7	513.8	2.3	488.3	0.3	1217	9.3	8	1.8	0.8	570.9	0.1	19.8	16.3	27.7	36	5.9	5.8	10.7	61.1	28.3
260	Böblingen	24	585.4	360.1	178.5	306.1	611	0.4	2.1	18	7.8	12	37.2	16.4	8.6	10.7	4.4	24.1	39.7	31.8	693	3.2	466	0.5	1041.8	10.8	9.8	1.3	0.5	417.4	0.2	43.4	19.7	15	21.8	3.5	3.7	7.8	33.5	29.8
261	Esslingen	15	208.7	245.3	120.9	206.8	1168.4	0.2	6.2	17.2	7.6	12.3	36.4	16.9	9.5	10.6	4.3	25.1	40.3	30.4	673.6	2.4	478.9	0.7	505.9	10.8	9.7	1.5	1.6	352.1	0.3	43.3	22.5	17.7	16.2	3.4	3.6	7.8	37.4	28.8
262	Nürtingen	31	465.2	289.7	143.1	253.1	619.1	-0.4	3.3	17.7	8	11.5	37.5	16.5	8.8	10.6	4.3	25	40.3	30.4	674.6	2.3	470	0.8	398	10.8	9.7	1.5	1.6	355.4	0.3	43.3	22.3	17.5	16.6	3.4	3.6	7.8	37.2	28.9
263	Göppingen	38	642.4	252.7	125	218.6	392.3	-2	-0.2	17.3	8.2	11.1	36.6	17	9.8	11.4	4.4	24.7	45.5	25.4	699.4	1.9	470.3	0.9	339.8	9.8	9.1	1.5	5.2	311.5	0.3	46.2	19.8	20.8	13	4.1	4.3	9.1	41.9	29.3
264	Waiblingen	18	513.4	315.9	155.2	272.8	612.8	-0.1	2	17.6	7.8	11.3	37.4	16.8	9.2	11.3	4.9	22.7	44.8	27.6	679.8	2.4	477.6	0.8	428.7	10	9.2	1.7	0.6	305.7	0.5	42.2	20.6	21.1	15.6	3.8	3.9	8.8	39.9	28.1
265	Ludwigsburg	15	339.3	310	153.2	259.5	905.9	0.6	6.9	17.7	7.7	12.5	36.9	16.3	8.8	10.7	4.5	23.1	41.8	30.6	662.7	4.5	479.5	0.6	615.5	10.8	9.2	1.5	1.1	327.2	0.7	38.2	22.5	19.1	19.4	3.8	4	7.8	36.6	30.2
266	Neckar-Zaber	39	642.4	316.8	156.8	277.5	490.4	-0.1	2.7	18.2	8	11.3	37.8	16.2	8.5	10.7	4.6	25.2	42	28.3	694.5	3.2	462.3	0.9	614.9	10.5	8.9	1.5	1.1	331.7	0.7	42.1	21.2	17.9	18.1	3.7	4	8	34.9	30
267	Heilbronn	32	904.9	353.6	176.4	301.6	388.6	-0.3	5	17.7	8.4	12.4	37.1	15.5	8.9	11.3	4.5	28.5	41.3	25.7	689.9	2.1	453.5	0.8	707.2	10.5	8.9	1.8	0.9	397.5	0.5	40.8	20.6	19.3	18.9	4.5	4.8	10.3	42.7	29.9
268	Schwäbisch Hall – Hohenlohe	46	2260.8	298.6	149.2	276.1	131.5	-1.2	1.1	18.5	8.7	11.8	37.2	15	8.9	12.9	5.1	29.5	42.4	23	792.6	3.1	445.7	1.1	554.9	7.5	7.2	1.1	0.5	396.5	0.7	46.2	22.4	17	13.7	3.2	3.4	7.2	28.3	30.6
269	Backnang – Schwäbisch Gmünd	34	838.7	241.6	119.5	216.5	287.6	-2	-0.4	17.9	8.3	10.9	37	16.4	9.4	12.6	5	25.4	41.9	27.6	698.8	2.2	461.9	0.7	397.6	8.4	7.6	1.6	1.2	329.3	0.4	46.1	18.1	22.1	13.2	3.6	3.8	9.3	34.9	28.8
270	Aalen – Heidenheim	32	1644.8	301.3	149.9	274.5	183	-2.3	0.7	18.1	8.3	11.2	36.4	16	10	13	4.5	27.1	41.7	26.7	698.8	2.6	464.2	0.9	610.3	7.4	6.7	1.7	3.5	350.6	0.3	49.2	16.7	20.9	12.9	4.2	4.4	10.7	35.8	30.3
271	Karlsruhe-Stadt	1	173.5	300.7	151.8	250.8	1715	-0.4	9.7	14.2	10.1	15.5	35.7	15.2	9.2	9	7.1	16.9	33.5	42.5	519	1.6	488.7	0.4	751.1	10.9	9.1	1.7	2.2	541.1	0.1	18.8	21.6	29	30.5	5.4	5.2	10.7	62.2	26.7
272	Karlsruhe-Land	21	718.4	281.1	138.4	255.2	389.3	-2.3	3.6	17.1	7.7	10.6	37.9	17.2	9.5	11	4.5	23	45	27.4	686.3	2.7	435.8	0.7	396.6	10.7	8.9	1.3	0.4	305.5	0.4	38.5	20.2	17.7	23.3	3.1	3.1	7.4	28.1	30
273	Rastatt	24	879	282	137.7	252.5	320.1	-2.8	3.3	16.3	7.6	10.8	37.6	17.3	10.5	11.3	5.7	28.2	38.7	27.5	705.7	2.2	481.2	0.7	452	10	8.6	1.4	0.8	390.9	0.4	46.8	17.4	16.2	19.1	3.7	4	9.7	35.7	29.1
274	Heidelberg	12	305.6	311.2	149.9	268	1015.3	0.2	9.3	14.8	9.8	14.7	36.2	15.7	8.8	10.1	4.3	19.4	35.3	41	556.6	2.6	482.4	0.3	499.7	10	9.9	1.1	1	399	0.2	22	18.2	35.2	24.4	4.5	4.3	9.8	43.4	27
275	Mannheim	1	145	318	158.9	240.4	2172.5	-1.2	6.8	14.8	9.1	14.8	36.6	15.7	9	10.3	7	23.5	36.4	33.1	509.8	1.2	528.7	0.4	868.8	14.6	13.5	2.3	1.6	532.2	0.1	29.4	22.8	21.1	26.5	5.9	6.1	11.4	85	29
276	Odenwald – Tauber	45	2430.7	278.7	138.8	261.8	114.8	-3.1	-1.2	17.1	8.1	10.8	37.5	16.5	10	12.8	6.5	28.3	40.7	24.6	747.1	1.8	458	1	378.7	7.5	6.8	1.4	1.5	321.4	0.6	46.2	17	26	10.2	3.5	3.7	10.1	28.8	27.8
277	Rhein-Neckar	34	724.9	269	132.7	242	370.2	-1.6	3.3	17.4	8.1	11.2	38	16.4	8.9	9.7	5.4	25	41.4	28.2	679.5	2.2	451.1	0.6	735.1	10.5	9.6	1.4	1.7	269.7	0.4	32.1	22.9	20	24.6	4.1	4.1	9.9	40.3	28.5
278	Bruchsal – Schwetzingen	20	506.6	264.5	130.4	236.9	520.1	-1.5	4.4	16.8	7.9	11.9	38.1	16.5	8.9	10.4	4.9	23.8	43.6	27.7	683.5	2.3	463.7	0.6	351.8	10.6	9.2	1.3	1	290.5	0.4	36	21.2	18.6	23.8	3.5	3.5	8.5	33.2	29.2
279	Pforzheim	29	671.7	316	155.5	272.5	468.4	-1.8	4.8	17.5	8.3	11.3	36.7	16.4	9.7	10.9	5	24.2	41.8	29	641	2.2	469.2	1.1	479.3	10.3	9.3	1.8	1.4	327.7	0.2	45.8	20.3	19.9	13.8	4.3	4.6	10.7	46.2	31.8
280	Calw	41	1668.2	275.6	136.4	247.4	165.2	-1.6	-4	18	8.3	10.7	37.6	15.9	9.4	11.8	5.1	30	43.1	21.7	703.1	2.3	471.7	0.9	340.1	8.5	9.2	1.2	1.9	301.6	0.4	42.3	23	24.6	9.7	3.9	4	8.3	27.8	28.5
281	Freiburg	20	452.9	315.8	152.7	276.1	693.6	1.5	14.9	15.7	10.6	15.2	36.7	13.8	7.9	10.9	4.7	18.1	32.8	44.4	506.5	2	446.1	0.4	529.2	9.4	7.8	1.3	1.4	412	0.3	18.6	23.5	38.4	19.2	5.1	4.6	11.3	57.1	28.9
282	Lörrach – Müllheim	48	1155.1	315.4	153.8	279.9	270.7	-0.7	5.3	17.7	8	10.9	37.4	16.3	9.6	11.5	4.4	27.1	38.4	30	673	2.7	460.2	0.7	383.3	8	7.4	1.2	1.5	294.2	0.7	41.4	23.8	21.9	12.1	3.5	3.3	7.3	36.5	29
283	Emmendingen – Lahr	41	1194.5	285.1	140.6	264	237.4	-1.1	4.5	18.2	8.2	11	37.6	15.8	9.1	11.4	5.4	27.5	43.3	23.8	703.3	3.9	448.4	0.9	374.9	9.3	8.1	1.3	0.8	317.9	0.6	43.4	21.4	23.2	11.4	3.3	3.3	9	32.4	30.6
284	Offenburg	29	1104.7	272.9	134.8	249.7	246.5	-1.3	1.3	17.6	8.4	11	37.2	16.1	9.7	12.2	3.9	29.2	39.7	27.2	714.4	2.4	451.5	1	511	8.6	7.3	1.4	0.8	370.6	0.5	40.7	23.6	22.3	12.9	3.7	3.9	10.5	37.2	32.4
285	Rottweil – Tuttlingen	56	1503.8	272.9	135.3	246.2	181.5	-1.1	-1	18.7	8.4	11.2	36.3	15.9	9.5	11.5	5	31.2	39.9	24	724.8	2.2	461.8	1.6	620.8	9.1	7.5	1.5	3.4	384.7	0.2	58.2	15.9	16.6	9	3.1	3.3	7.8	28.5	30.7
286	Schwarzwald-Baar	25	1266.8	227.5	112	202.9	179.1	-2.5	0.3	17.2	8.2	11.2	35.6	17	10.8	12.6	4.6	26.7	43.2	25.5	690.1	2.4	494.2	1.3	454.3	8.9	8.3	1.7	1.9	374.3	0.2	43.2	18.9	22.8	14.8	3.8	3.9	8.6	35.5	32
287	Konstanz	25	818	282	137.7	247.8	343	-1.5	7.1	16.1	9.4	11.9	36.7	16.3	9.6	9.9	4.4	27.5	39.7	28.4	614.9	3.1	476.6	0.6	384.5	9.7	8.2	1.6	1.3	309.7	0.9	32.3	24.1	27.3	15.5	4.3	4.1	8.5	39.2	30.4
288	Waldshut	50	1861.4	244.7	120.2	220	131.1	-2	1.8	18.1	8	10.8	36.7	16.5	9.8	12.5	4.4	29.1	39	27.5	708.3	2.1	475.4	0.7	351	8	7	1.1	1.4	280	0.6	40.6	24.4	23.7	10.8	3.1	2.8	6.4	29.9	30.6
289	Reutlingen	26	1092.7	281.9	138.7	246.7	257.2	-1.1	1.8	17.7	8.4	11.4	37.2	15.9	9.4	10.8	3.6	28.4	36.4	31.6	699.6	2.4	453.6	0.8	438.1	9.7	8.7	1.1	2.6	343.8	0.5	43.7	19.4	22.4	14	3.8	3.8	9.4	38.1	29.2
290	Tübingen	21	789	271.8	134.1	240.7	343.8	0.6	1.4	17	10.4	13.2	37.6	14	7.7	12	4	22.2	36.9	36.8	624.9	3.2	447.1	0.7	312.1	8.1	7	1.1	1.2	303.6	0.3	32.2	18.1	37.3	12.2	3.4	3.3	8.3	31.6	29
291	Ulm	56	1477.4	314.5	156.8	275	212.2	0.3	2.7	17.8	9	13.1	36.3	15.2	8.6	12	4.1	23.5	40.8	31.6	673.6	3.3	444.4	0.8	652.5	8.7	7.9	1.2	1.8	424.3	0.3	34.6	22.4	23.4	19.2	3.8	4.1	8.7	30.4	31
292	Biberach	49	1748.4	218.5	109.4	204	124.5	0.5	0.9	19.5	8.7	11.6	37	14.8	8.4	12.9	5	30.2	42.4	22.4	754.6	3.5	437.1	1	642.8	8.3	6.8	1	0.4	363.7	0.7	52.9	16.4	20.1	10	2.7	2.8	7.3	20.8	31.9
293	Bodensee	27	860.7	232.9	115	208.5	268.1	-0.3	5.9	17.4	8.1	11.3	36.5	17.7	9	12.3	5.5	23.2	44.3	27	725.1	4.1	478	0.7	507.4	10	8	1	0.5	368.2	0.9	46.9	18.1	21.2	12.9	3.2	3.6	6.2	23.5	29
294	Ravensburg	35	1293.2	251.7	124.5	229.2	193.1	-1	4.4	18.3	8.7	11.6	37.1	15.6	8.7	14.4	4.7	27.4	44.9	23.1	717.3	3.6	439.3	0.8	443.2	9.3	8	0.9	1.1	352.7	0.8	37.7	20.5	26.3	14.8	2.8	2.7	6.3	28	30.2
295	Zollernalb – Sigmaringen	40	1656.4	246.8	122.3	225.9	149.3	-2.2	-1.1	17.7	8.6	10.6	37	16.3	9.9	13.6	5.5	25.1	45.2	24.3	752.3	2.3	462.5	1.1	413	8.6	7.8	1.6	1.9	321.1	0.6	47.5	20.9	21.7	9.4	4	4.3	10	33	29.1
908	Land insgesamt	1101	35751.4	10835.4	5354.3	9483.5	301.7	-0.8	3.8	17.2	8.5	12.2	37	16	9.2	11.3	4.9	25.3	40.5	29.3	665	2.6	466.4	0.8	562.2	9.6	8.5	1.4	1.4	369.3	0.4	37.8	20.3	22.9	18.6	3.9	4	9.1	39	29.4
296	Saarbrücken	6	325.3	270.3	130.7	235.2	832.5	-4.1	3.5	14.6	8.6	12.8	36.1	17.6	10.3	9	5.5	26.3	32	36.2	636.8	0.6	548	0.4	527	8.7	8.2	3	4.3	430.3	0.1	26.7	19.9	28.3	25	9	8.8	18.4	108.8	27.2
297	Saarlouis	18	891.4	270.3	132.1	246.7	303.6	-4.7	0.8	15.4	7.8	10.8	37.8	17.6	10.6	9.8	3.9	27	38	31.2	724.2	2.2	480.8	0.5	549.5	7.3	6.6	1.8	4.8	311	0.4	41	24	21.9	12.8	5.6	5.7	15	52.4	28
298	St. Wendel	16	801.7	220.4	108.9	208.8	275.8	-6.1	-1	14.5	7.8	10.4	38.2	18.1	10.9	10	5.5	26	37	31.5	718.2	1.2	483.3	0.4	236.6	7.2	6.7	2.2	1.1	284.5	0.3	36.3	20.8	27.8	14.8	5.8	5.9	17.4	60.3	26
299	Homburg	12	550.3	249.6	121.4	228.9	455.8	-5.9	0.3	14.5	8	10.6	37.4	18.2	11.3	9.1	5.5	28	32.6	33.9	699.2	1.1	518.7	0.6	444.3	7.5	7.5	2.6	1.9	377.2	0.3	38.7	19.8	25.6	15.6	6.7	6.5	17.2	65.7	26.5
910	Land insgesamt	52	2568.7	1010.6	493	919.6	394.5	-5.2	1	14.8	8.1	11.2	37.3	17.9	10.7	9.5	5.1	26.8	34.9	33.2	693.4	1.3	508.7	0.5	449.2	7.7	7.3	2.4	3.1	353.5	0.3	34.9	21	26	17.9	6.8	6.8	17.1	72.5	27
999	Insgesamt	11252	357137.2	81993	40328.1	74347.5	229.2	-2.3	3.4	16.2	8.1	12.1	37	17	9.6	10.7	5.7	18.6	38.6	37.1	632.1	2.2	494.5	0.5	494.3	10	8.7	1.9	1.7	346.8	0.8	30.2	22.6	26.3	20.1	6.7	6.5	14.2	73.8	27.8
